TransactionAmount,TransactionType,Channel,LoginAttempts,CustomerOccupation,Cluster_Kmeans
14.089999999999975,Debit,ATM,1.0,Doctor,0
376.24,Debit,ATM,1.0,Doctor,0
126.28999999999999,Debit,Online,1.0,Student,0
184.5,Debit,Online,1.0,Student,0
13.449999999999989,Credit,Online,1.0,Student,0
92.15,Debit,ATM,1.0,Student,0
7.079999999999984,Credit,ATM,1.0,Doctor,0
171.42,Credit,Branch,1.0,Retired,0
106.23000000000002,Credit,Branch,1.0,Engineer,0
815.96,Debit,ATM,1.0,Doctor,0
17.78000000000003,Credit,Online,1.0,Engineer,0
190.02000000000004,Debit,Online,1.0,Student,0
494.52,Credit,Branch,1.0,Student,0
781.76,Debit,ATM,1.0,Student,0
166.99,Debit,Online,1.0,Student,0
465.45,Debit,ATM,1.0,Engineer,0
555.8,Credit,Branch,1.0,Student,0
492.93,Debit,Online,1.0,Engineer,0
18.680000000000007,Credit,Branch,1.0,Retired,0
71.47999999999999,Credit,Online,1.0,Student,0
59.31999999999999,Debit,Branch,1.0,Retired,0
85.76999999999998,Debit,Branch,1.0,Doctor,0
52.19999999999999,Debit,Online,1.0,Engineer,0
345.84,Debit,Online,3.0,Student,1
145.54,Debit,Online,1.0,Student,0
7.490000000000009,Credit,Online,1.0,Retired,0
246.93,Debit,ATM,5.0,Student,1
40.31999999999999,Debit,Branch,1.0,Engineer,0
127.44999999999999,Debit,Online,1.0,Doctor,0
56.170000000000016,Debit,Branch,1.0,Student,0
28.310000000000002,Credit,Online,1.0,Doctor,0
59.120000000000005,Debit,ATM,1.0,Doctor,0
396.45,Debit,ATM,3.0,Engineer,1
877.81,Debit,Online,1.0,Student,0
255.26,Credit,Branch,1.0,Doctor,0
124.75999999999999,Debit,Branch,1.0,Engineer,0
78.13,Debit,Branch,1.0,Student,0
649.28,Debit,ATM,1.0,Retired,0
795.31,Debit,ATM,2.0,Doctor,0
335.63,Debit,Online,1.0,Retired,0
328.47,Debit,ATM,1.0,Retired,0
34.01999999999998,Debit,Online,1.0,Doctor,0
241.42,Credit,Online,1.0,Doctor,0
55.31999999999999,Debit,ATM,1.0,Student,0
304.31,Debit,Branch,1.0,Student,0
435.27,Debit,Branch,1.0,Retired,0
164.49,Debit,Branch,1.0,Student,0
510.24,Debit,Online,1.0,Student,0
626.9,Debit,Online,1.0,Student,0
22.00999999999999,Credit,Online,1.0,Engineer,0
425.34,Credit,Online,1.0,Retired,0
424.56,Debit,Online,1.0,Engineer,0
85.43,Debit,Branch,1.0,Doctor,0
169.5,Debit,Branch,1.0,Student,0
104.63,Debit,ATM,1.0,Retired,0
316.95,Debit,Branch,1.0,Student,0
60.53999999999999,Credit,Branch,1.0,Retired,0
292.56,Credit,Branch,1.0,Retired,0
386.52,Debit,Branch,1.0,Engineer,0
112.07,Debit,Branch,1.0,Student,0
568.52,Debit,ATM,1.0,Engineer,0
263.99,Debit,Branch,2.0,Retired,0
349.64,Debit,Online,1.0,Engineer,0
601.4,Credit,Branch,1.0,Engineer,0
5.769999999999982,Debit,Online,1.0,Doctor,0
201.33,Credit,Branch,1.0,Engineer,0
298.42,Debit,Branch,1.0,Retired,0
521.06,Debit,Branch,1.0,Student,0
117.28,Credit,Online,1.0,Engineer,0
189.12,Credit,Branch,1.0,Engineer,0
133.55,Debit,ATM,1.0,Engineer,0
143.21,Debit,Online,1.0,Engineer,0
24.769999999999982,Debit,ATM,1.0,Retired,0
233.92,Credit,Online,1.0,Student,0
1212.51,Debit,Branch,1.0,Student,0
232.12,Debit,ATM,1.0,Engineer,0
162.63,Debit,Online,1.0,Student,0
91.53,Debit,Branch,1.0,Doctor,0
120.29000000000002,Debit,Branch,1.0,Student,0
174.25,Debit,Online,1.0,Doctor,0
183.71,Debit,ATM,1.0,Engineer,0
345.39,Credit,Online,1.0,Engineer,0
922.55,Debit,ATM,1.0,Retired,0
259.91,Debit,Online,1.0,Doctor,0
154.71,Debit,Online,1.0,Doctor,0
1340.19,Credit,Online,1.0,Engineer,0
24.560000000000002,Debit,Branch,1.0,Doctor,0
568.07,Debit,ATM,1.0,Doctor,0
9.610000000000014,Credit,Online,1.0,Doctor,0
392.96,Debit,Online,1.0,Student,0
716.93,Credit,Online,1.0,Retired,0
223.85,Debit,ATM,4.0,Engineer,1
230.66,Debit,Branch,1.0,Student,0
442.12,Debit,Online,1.0,Student,0
644.17,Debit,ATM,1.0,Engineer,0
508.68,Credit,Branch,1.0,Engineer,0
858.6300000000001,Credit,Branch,1.0,Student,0
25.360000000000014,Debit,ATM,1.0,Engineer,0
147.62,Debit,Branch,1.0,Retired,0
115.01999999999998,Debit,Branch,1.0,Doctor,0
383.37,Debit,Branch,1.0,Engineer,0
98.54000000000002,Credit,Online,1.0,Student,0
83.24000000000001,Credit,Branch,1.0,Doctor,0
196.16,Debit,Branch,1.0,Engineer,0
129.94,Debit,ATM,1.0,Engineer,0
306.9,Debit,Online,1.0,Engineer,0
114.98000000000002,Debit,Online,1.0,Retired,0
756.59,Debit,Branch,1.0,Student,0
503.76,Debit,Online,1.0,Student,0
143.03,Debit,ATM,1.0,Retired,0
1045.22,Debit,ATM,1.0,Retired,0
245.54,Debit,ATM,1.0,Student,0
254.37,Credit,Online,1.0,Engineer,0
213.76,Credit,ATM,1.0,Retired,0
327.86,Debit,Online,1.0,Engineer,0
2.5,Debit,Online,1.0,Doctor,0
300.08,Credit,Online,1.0,Doctor,0
56.97999999999999,Credit,ATM,2.0,Engineer,0
407.65,Debit,Online,1.0,Engineer,0
115.82999999999996,Debit,Branch,1.0,Engineer,0
53.56999999999999,Debit,ATM,1.0,Retired,0
63.34,Credit,Online,1.0,Doctor,0
317.87,Debit,Online,1.0,Student,0
331.65,Debit,Online,1.0,Engineer,0
5.0400000000000205,Debit,ATM,1.0,Retired,0
214.54,Credit,Online,1.0,Doctor,0
598.81,Debit,Branch,1.0,Doctor,0
841.28,Debit,Online,1.0,Student,0
38.14999999999998,Debit,Online,1.0,Student,0
1036.66,Debit,Branch,1.0,Doctor,0
124.72,Debit,Branch,1.0,Engineer,0
302.45,Credit,Branch,1.0,Retired,0
208.04,Debit,Online,1.0,Engineer,0
5.769999999999982,Credit,Branch,1.0,Student,0
381.33,Debit,ATM,1.0,Doctor,0
16.160000000000025,Debit,ATM,1.0,Doctor,0
486.08,Debit,Online,1.0,Student,0
336.39,Debit,Branch,1.0,Student,0
997.4300000000001,Debit,Online,1.0,Doctor,0
234.57,Debit,Online,1.0,Student,0
6.0,Debit,Online,1.0,Doctor,0
1049.92,Debit,ATM,1.0,Retired,0
227.14,Debit,ATM,1.0,Student,0
233.74,Credit,Online,1.0,Retired,0
113.01999999999998,Credit,Branch,1.0,Retired,0
45.849999999999994,Debit,ATM,1.0,Student,0
973.3900000000001,Debit,Branch,1.0,Retired,0
514.95,Debit,Online,5.0,Doctor,1
415.5,Debit,ATM,1.0,Doctor,0
265.76,Debit,Online,1.0,Retired,0
69.4,Debit,Online,1.0,Retired,0
332.93,Credit,Branch,1.0,Engineer,0
267.9,Debit,Online,1.0,Student,0
496.03,Debit,Branch,1.0,Doctor,0
376.26,Debit,ATM,1.0,Engineer,0
83.01999999999998,Credit,Online,1.0,Engineer,0
93.25999999999999,Credit,Online,1.0,Student,0
803.37,Credit,Branch,1.0,Doctor,0
35.75999999999999,Debit,Branch,1.0,Student,0
28.53000000000003,Debit,Online,1.0,Doctor,0
139.53,Credit,Online,1.0,Doctor,0
307.57,Debit,Branch,1.0,Doctor,0
60.650000000000006,Credit,Branch,1.0,Retired,0
74.86000000000001,Debit,Branch,1.0,Doctor,0
117.97,Debit,Branch,1.0,Retired,0
231.91,Debit,ATM,1.0,Engineer,0
126.20999999999998,Debit,Branch,1.0,Retired,0
506.28,Credit,Online,2.0,Retired,0
304.35,Debit,Branch,1.0,Engineer,0
281.85,Debit,ATM,1.0,Student,0
777.88,Debit,Branch,1.0,Engineer,0
119.18,Debit,Branch,1.0,Retired,0
177.19,Debit,Online,1.0,Retired,0
260.88,Debit,Branch,1.0,Student,0
169.47,Debit,Online,1.0,Student,0
73.23000000000002,Debit,Branch,1.0,Student,0
1362.55,Debit,ATM,1.0,Engineer,0
792.57,Debit,ATM,1.0,Student,0
237.06,Debit,Online,1.0,Retired,0
34.170000000000016,Credit,Online,1.0,Engineer,0
740.25,Debit,Online,1.0,Doctor,0
453.54,Debit,ATM,1.0,Doctor,0
300.47,Debit,Branch,1.0,Retired,0
110.92999999999998,Credit,Branch,1.0,Student,0
201.69,Debit,ATM,1.0,Doctor,0
399.21,Debit,ATM,1.0,Engineer,0
1041.88,Debit,Online,1.0,Retired,0
630.36,Debit,ATM,1.0,Retired,0
10.939999999999998,Credit,ATM,1.0,Engineer,0
215.9,Debit,ATM,1.0,Doctor,0
1422.55,Debit,Branch,1.0,Retired,0
226.37,Credit,Branch,1.0,Doctor,0
444.89,Credit,Branch,1.0,Doctor,0
280.57,Credit,Online,1.0,Student,0
488.54,Debit,Branch,1.0,Engineer,0
3.3000000000000114,Credit,Branch,1.0,Doctor,0
199.39,Debit,Branch,1.0,Retired,0
20.360000000000014,Debit,Branch,1.0,Retired,0
113.63999999999999,Debit,Online,1.0,Retired,0
493.11,Debit,Branch,1.0,Retired,0
307.41,Debit,ATM,1.0,Student,0
11.180000000000007,Debit,Online,1.0,Doctor,0
313.82,Debit,Branch,1.0,Engineer,0
51.0,Debit,Branch,1.0,Retired,0
140.98,Debit,Branch,1.0,Engineer,0
288.04,Debit,ATM,1.0,Retired,0
800.55,Debit,ATM,1.0,Engineer,0
485.54,Debit,ATM,1.0,Engineer,0
521.15,Debit,ATM,1.0,Doctor,0
321.79,Credit,ATM,1.0,Retired,0
304.93,Debit,ATM,1.0,Doctor,0
432.08,Debit,ATM,1.0,Doctor,0
694.2,Debit,ATM,1.0,Retired,0
116.86000000000001,Debit,ATM,1.0,Engineer,0
386.81,Credit,Online,1.0,Doctor,0
74.88,Debit,ATM,1.0,Student,0
195.76,Debit,Branch,1.0,Retired,0
134.7,Debit,ATM,1.0,Doctor,0
890.24,Credit,Online,1.0,Engineer,0
361.27,Debit,ATM,1.0,Doctor,0
131.56,Debit,Branch,1.0,Doctor,0
485.51,Credit,Online,1.0,Retired,0
547.87,Debit,ATM,1.0,Retired,0
457.29999999999995,Debit,Online,1.0,Engineer,0
506.24,Debit,ATM,1.0,Engineer,0
486.59,Debit,Branch,1.0,Retired,0
163.68,Debit,Branch,1.0,Doctor,0
581.65,Debit,ATM,1.0,Student,0
52.00999999999999,Debit,ATM,1.0,Doctor,0
630.24,Debit,ATM,1.0,Student,0
523.74,Debit,ATM,1.0,Doctor,0
705.6,Debit,Branch,3.0,Doctor,1
217.5,Credit,Branch,1.0,Engineer,0
91.48000000000002,Debit,ATM,1.0,Doctor,0
5.25,Debit,ATM,1.0,Doctor,0
54.03,Credit,ATM,1.0,Retired,0
736.73,Debit,Branch,1.0,Engineer,0
368.91,Debit,Branch,1.0,Doctor,0
33.06,Credit,Online,1.0,Retired,0
66.5,Credit,Online,1.0,Engineer,0
177.08,Debit,Online,1.0,Doctor,0
588.54,Debit,Branch,1.0,Engineer,0
173.5,Debit,ATM,1.0,Student,0
78.32999999999996,Credit,Online,1.0,Engineer,0
40.660000000000025,Debit,Branch,1.0,Retired,0
97.22,Credit,Branch,1.0,Retired,0
34.06999999999999,Debit,Branch,1.0,Student,0
492.06,Debit,Online,1.0,Student,0
842.01,Credit,Online,1.0,Doctor,0
73.55000000000001,Debit,ATM,1.0,Engineer,0
760.53,Debit,Online,1.0,Engineer,0
273.08,Credit,Branch,1.0,Engineer,0
371.69,Debit,Branch,1.0,Retired,0
218.96,Debit,ATM,1.0,Student,0
227.39,Debit,Online,1.0,Student,0
237.99,Credit,Branch,1.0,Doctor,0
186.6,Debit,Online,1.0,Doctor,0
341.15,Debit,Online,1.0,Student,0
434.58,Debit,ATM,1.0,Doctor,0
312.88,Credit,Branch,1.0,Engineer,0
75.15,Debit,ATM,1.0,Student,0
23.30000000000001,Debit,ATM,1.0,Engineer,0
47.379999999999995,Credit,Online,1.0,Student,0
512.81,Debit,Branch,1.0,Retired,0
488.15,Debit,Branch,1.0,Engineer,0
12.819999999999993,Debit,ATM,1.0,Engineer,0
66.9,Credit,Online,4.0,Retired,1
535.91,Debit,Online,1.0,Engineer,0
270.72,Credit,Online,1.0,Engineer,0
97.98000000000002,Debit,Branch,1.0,Retired,0
196.08,Debit,Online,1.0,Retired,0
251.18,Debit,ATM,1.0,Engineer,0
44.52000000000004,Debit,Online,1.0,Student,0
178.87,Debit,Online,1.0,Doctor,0
1176.28,Credit,ATM,5.0,Engineer,1
386.68,Debit,Branch,1.0,Doctor,0
167.14,Debit,Online,1.0,Retired,0
345.22,Debit,Branch,1.0,Retired,0
74.85,Debit,ATM,1.0,Retired,0
671.73,Debit,Branch,1.0,Engineer,0
255.04,Debit,ATM,1.0,Engineer,0
45.77000000000001,Debit,Online,1.0,Student,0
329.69,Credit,Online,1.0,Student,0
362.04,Credit,Branch,2.0,Doctor,0
11.920000000000016,Debit,Branch,1.0,Doctor,0
47.41999999999999,Debit,ATM,1.0,Doctor,0
35.99000000000001,Debit,Branch,1.0,Retired,0
151.19,Credit,Branch,1.0,Doctor,0
242.62,Credit,Online,1.0,Student,0
48.72,Debit,Branch,1.0,Student,0
43.46000000000001,Debit,ATM,1.0,Student,0
1036.2099999999998,Debit,Online,1.0,Student,0
443.78999999999996,Debit,ATM,1.0,Retired,0
365.14,Debit,Online,1.0,Retired,0
757.41,Debit,ATM,1.0,Student,0
20.54000000000002,Debit,Branch,1.0,Engineer,0
475.36,Debit,ATM,1.0,Engineer,0
34.74000000000001,Debit,ATM,1.0,Retired,0
689.54,Debit,Branch,1.0,Student,0
211.18,Debit,ATM,1.0,Retired,0
211.36,Credit,Branch,1.0,Engineer,0
744.41,Credit,Online,1.0,Engineer,0
61.43000000000001,Debit,Online,1.0,Student,0
167.44,Debit,Branch,1.0,Doctor,0
361.46,Debit,Online,1.0,Student,0
378.85,Debit,Branch,1.0,Retired,0
241.11,Debit,Branch,1.0,Doctor,0
131.93,Credit,Branch,1.0,Engineer,0
20.28000000000003,Debit,Online,1.0,Engineer,0
415.88,Debit,Branch,1.0,Doctor,0
49.99000000000001,Debit,ATM,1.0,Retired,0
1221.65,Debit,Online,1.0,Student,0
100.66,Debit,Branch,1.0,Doctor,0
485.54,Debit,Online,1.0,Student,0
321.15,Debit,Branch,1.0,Doctor,0
711.3,Debit,Branch,1.0,Student,0
12.230000000000018,Debit,ATM,1.0,Engineer,0
350.94,Debit,ATM,1.0,Student,0
301.85,Debit,Online,1.0,Engineer,0
29.339999999999975,Debit,Online,1.0,Retired,0
231.71,Debit,Branch,1.0,Student,0
179.43,Debit,ATM,1.0,Retired,0
36.70999999999998,Debit,Branch,1.0,Doctor,0
138.12,Credit,Branch,1.0,Doctor,0
233.24,Debit,ATM,1.0,Engineer,0
609.14,Debit,ATM,1.0,Engineer,0
436.64,Debit,Branch,1.0,Doctor,0
870.4300000000001,Debit,Branch,1.0,Doctor,0
354.4,Debit,ATM,1.0,Retired,0
22.629999999999995,Debit,Online,1.0,Engineer,0
182.19,Debit,Branch,1.0,Student,0
126.81,Debit,Branch,1.0,Engineer,0
288.17,Debit,Online,1.0,Engineer,0
118.76999999999995,Debit,Branch,1.0,Engineer,0
651.82,Debit,ATM,1.0,Student,0
66.65000000000003,Debit,ATM,1.0,Engineer,0
98.53,Debit,Branch,1.0,Retired,0
138.94999999999996,Debit,Online,1.0,Retired,0
33.889999999999986,Debit,Branch,1.0,Student,0
23.70999999999998,Debit,Branch,1.0,Doctor,0
1830.0,Debit,Online,1.0,Engineer,0
26.060000000000002,Debit,ATM,1.0,Doctor,0
17.069999999999993,Debit,Branch,1.0,Engineer,0
703.89,Debit,Online,1.0,Engineer,0
1271.9,Debit,ATM,1.0,Engineer,0
26.55000000000001,Debit,ATM,1.0,Retired,0
147.4,Debit,Branch,1.0,Engineer,0
202.11,Debit,ATM,1.0,Student,0
308.42,Debit,Branch,1.0,Retired,0
11.180000000000007,Debit,ATM,1.0,Engineer,0
294.15,Debit,Online,1.0,Engineer,0
29.579999999999984,Debit,Branch,1.0,Engineer,0
139.45,Debit,Online,1.0,Student,0
432.63,Debit,ATM,1.0,Doctor,0
131.43,Debit,Online,1.0,Doctor,0
516.72,Debit,ATM,1.0,Engineer,0
121.82,Debit,Online,3.0,Doctor,1
374.5,Credit,Branch,1.0,Student,0
166.13,Debit,ATM,1.0,Doctor,0
626.9,Debit,ATM,1.0,Student,0
466.85,Debit,Branch,1.0,Retired,0
788.84,Debit,Online,1.0,Retired,0
873.6500000000001,Credit,Online,1.0,Doctor,0
525.28,Debit,ATM,1.0,Retired,0
110.17000000000002,Debit,ATM,1.0,Engineer,0
632.69,Debit,ATM,1.0,Retired,0
124.35,Debit,ATM,1.0,Retired,0
43.849999999999994,Debit,ATM,1.0,Retired,0
283.81,Debit,Branch,1.0,Student,0
168.53,Debit,ATM,1.0,Retired,0
218.59,Credit,Branch,1.0,Engineer,0
132.84,Debit,ATM,1.0,Student,0
157.37,Credit,Branch,1.0,Doctor,0
144.77,Debit,Online,1.0,Student,0
643.22,Debit,ATM,1.0,Doctor,0
1392.54,Debit,Branch,1.0,Doctor,0
208.07,Debit,Online,1.0,Doctor,0
94.30000000000001,Debit,Branch,1.0,Doctor,0
295.5,Debit,ATM,1.0,Retired,0
30.230000000000018,Debit,ATM,1.0,Doctor,0
112.05000000000001,Credit,ATM,1.0,Student,0
180.24,Debit,Branch,1.0,Engineer,0
13.70999999999998,Credit,Online,1.0,Engineer,0
96.54000000000002,Debit,Branch,1.0,Retired,0
79.35,Debit,Online,1.0,Retired,0
101.04000000000002,Debit,ATM,1.0,Student,0
74.42000000000002,Debit,Online,1.0,Engineer,0
39.660000000000025,Debit,Branch,1.0,Engineer,0
99.35999999999999,Debit,ATM,1.0,Doctor,0
123.85,Debit,Online,1.0,Engineer,0
426.93,Debit,ATM,1.0,Student,0
133.73,Credit,Online,1.0,Student,0
222.39,Debit,Online,1.0,Engineer,0
215.94,Credit,Online,1.0,Student,0
6.300000000000011,Debit,Branch,5.0,Retired,1
826.23,Debit,ATM,1.0,Doctor,0
416.37,Debit,Online,1.0,Engineer,0
131.46,Debit,Branch,1.0,Retired,0
202.86,Credit,Branch,1.0,Doctor,0
268.39,Debit,ATM,1.0,Student,0
194.85,Debit,Online,4.0,Student,1
137.35,Credit,Online,1.0,Doctor,0
712.75,Debit,Branch,1.0,Doctor,0
353.82,Debit,ATM,1.0,Doctor,0
507.25,Debit,Branch,1.0,Retired,0
212.74,Debit,Branch,1.0,Engineer,0
364.42,Debit,ATM,1.0,Engineer,0
195.12,Debit,ATM,1.0,Doctor,0
230.61,Debit,Branch,1.0,Retired,0
739.28,Credit,Branch,1.0,Doctor,0
390.35,Credit,ATM,1.0,Doctor,0
242.03,Debit,Online,1.0,Engineer,0
242.39,Credit,ATM,1.0,Student,0
135.02999999999997,Debit,ATM,1.0,Student,0
83.5,Debit,Branch,5.0,Retired,1
193.54,Debit,Branch,1.0,Retired,0
617.36,Debit,Branch,1.0,Engineer,0
775.23,Credit,Online,1.0,Doctor,0
266.57,Debit,ATM,1.0,Retired,0
153.4,Debit,ATM,1.0,Engineer,0
946.94,Debit,Branch,1.0,Retired,0
5.1200000000000045,Debit,Branch,1.0,Engineer,0
119.11000000000001,Debit,ATM,1.0,Engineer,0
1096.6999999999998,Debit,Online,1.0,Student,0
119.72,Debit,Branch,1.0,Engineer,0
107.4,Debit,Online,1.0,Doctor,0
115.92000000000002,Debit,ATM,1.0,Retired,0
438.04,Debit,ATM,1.0,Retired,0
677.29,Debit,Online,1.0,Engineer,0
296.0,Debit,Branch,1.0,Doctor,0
299.09,Credit,Branch,1.0,Engineer,0
461.52,Credit,Branch,1.0,Student,0
100.51999999999998,Debit,ATM,1.0,Engineer,0
85.35,Debit,ATM,1.0,Retired,0
79.75999999999999,Debit,Branch,1.0,Engineer,0
778.49,Credit,Online,1.0,Retired,0
386.38,Debit,Online,1.0,Engineer,0
165.25,Debit,Online,1.0,Doctor,0
14.29000000000002,Debit,ATM,1.0,Engineer,0
232.79,Credit,Branch,1.0,Retired,0
1237.5599999999997,Credit,Branch,1.0,Engineer,0
92.29000000000002,Debit,Branch,1.0,Engineer,0
293.97,Debit,Branch,1.0,Retired,0
136.32,Debit,Online,1.0,Student,0
251.06,Debit,Online,1.0,Doctor,0
50.170000000000016,Credit,ATM,1.0,Retired,0
21.399999999999977,Debit,Branch,1.0,Engineer,0
73.28,Debit,Branch,1.0,Student,0
70.23000000000002,Debit,ATM,1.0,Doctor,0
689.29,Debit,ATM,1.0,Student,0
745.03,Debit,Online,1.0,Student,0
54.610000000000014,Debit,ATM,1.0,Engineer,0
54.05000000000001,Debit,Branch,1.0,Student,0
107.47,Debit,Online,1.0,Retired,0
611.11,Debit,ATM,4.0,Student,1
219.63,Debit,ATM,1.0,Doctor,0
188.7,Debit,Branch,1.0,Retired,0
93.51999999999998,Debit,Online,1.0,Engineer,0
275.92,Credit,Branch,1.0,Retired,0
376.79,Debit,Branch,1.0,Retired,0
8.980000000000018,Debit,Online,1.0,Retired,0
697.32,Debit,Online,1.0,Retired,0
17.44999999999999,Debit,ATM,1.0,Student,0
302.16,Debit,Online,5.0,Retired,1
442.74,Debit,Branch,1.0,Student,0
623.9,Debit,ATM,1.0,Student,0
445.41,Debit,ATM,3.0,Doctor,1
63.41,Debit,ATM,1.0,Student,0
346.85,Debit,ATM,1.0,Doctor,0
71.94999999999999,Credit,Online,1.0,Engineer,0
7.5,Debit,Online,1.0,Retired,0
206.46,Debit,ATM,1.0,Retired,0
423.11,Debit,ATM,1.0,Engineer,0
35.839999999999975,Credit,Online,1.0,Retired,0
88.6,Credit,Branch,1.0,Student,0
1431.3,Debit,ATM,1.0,Student,0
53.81,Credit,ATM,2.0,Engineer,0
22.45999999999998,Debit,Online,1.0,Retired,0
334.89,Debit,Online,1.0,Student,0
319.27,Credit,Online,1.0,Retired,0
144.3,Debit,ATM,1.0,Student,0
348.7,Credit,Branch,1.0,Retired,0
366.21,Debit,ATM,1.0,Doctor,0
99.11000000000001,Debit,Online,1.0,Retired,0
539.35,Debit,ATM,1.0,Retired,0
188.99,Debit,Branch,1.0,Engineer,0
1416.69,Debit,ATM,1.0,Engineer,0
710.14,Debit,ATM,1.0,Student,0
308.68,Debit,Online,1.0,Doctor,0
166.68,Debit,ATM,1.0,Retired,0
0.9900000000000091,Debit,ATM,1.0,Engineer,0
505.19,Debit,ATM,5.0,Doctor,1
66.57999999999998,Debit,Branch,1.0,Student,0
223.43,Debit,Branch,1.0,Retired,0
659.95,Debit,Online,1.0,Engineer,0
634.86,Debit,ATM,1.0,Student,0
286.5,Credit,Branch,1.0,Engineer,0
322.96,Credit,Branch,1.0,Retired,0
654.48,Debit,Branch,1.0,Student,0
157.97,Debit,Branch,1.0,Doctor,0
120.9,Debit,Branch,1.0,Doctor,0
254.77,Debit,Branch,1.0,Engineer,0
795.96,Debit,Online,1.0,Retired,0
149.25,Debit,ATM,1.0,Engineer,0
3.420000000000016,Credit,Online,1.0,Doctor,0
68.19,Credit,Online,1.0,Doctor,0
493.42,Debit,Branch,1.0,Engineer,0
37.56999999999999,Debit,ATM,1.0,Retired,0
127.0,Credit,Branch,5.0,Student,1
96.88999999999999,Debit,ATM,1.0,Retired,0
448.33,Debit,ATM,1.0,Student,0
1116.48,Debit,ATM,1.0,Engineer,0
8.649999999999977,Debit,Online,1.0,Doctor,0
65.57,Debit,Online,1.0,Engineer,0
539.81,Debit,Online,1.0,Engineer,0
363.53,Debit,ATM,1.0,Retired,0
64.9,Credit,Branch,1.0,Retired,0
358.18,Debit,ATM,1.0,Student,0
167.2,Debit,Branch,1.0,Doctor,0
121.91,Debit,Branch,1.0,Doctor,0
137.57,Debit,Online,1.0,Engineer,0
534.62,Debit,Online,1.0,Doctor,0
463.9200000000001,Debit,Online,1.0,Engineer,0
320.14,Debit,Online,1.0,Retired,0
214.93,Debit,Online,1.0,Student,0
660.02,Debit,Branch,1.0,Student,0
345.81,Debit,Branch,1.0,Engineer,0
143.54,Debit,ATM,1.0,Retired,0
42.55000000000004,Debit,Branch,1.0,Engineer,0
1063.2499999999998,Credit,Online,1.0,Student,0
541.79,Debit,ATM,1.0,Student,0
40.56999999999999,Debit,Branch,1.0,Student,0
120.24000000000001,Debit,Branch,2.0,Student,0
498.67,Debit,Online,1.0,Student,0
227.22,Debit,ATM,1.0,Doctor,0
1182.86,Debit,Online,1.0,Engineer,0
56.94,Credit,Online,1.0,Retired,0
629.8199999999999,Debit,ATM,1.0,Retired,0
59.44,Debit,Online,1.0,Engineer,0
186.69,Debit,Branch,1.0,Engineer,0
230.46,Debit,Online,1.0,Student,0
65.09,Credit,Online,1.0,Engineer,0
457.09,Credit,Online,1.0,Engineer,0
552.02,Credit,ATM,1.0,Engineer,0
377.12,Debit,ATM,1.0,Engineer,0
204.56,Credit,Branch,1.0,Student,0
420.28,Debit,Branch,1.0,Doctor,0
97.09,Debit,ATM,4.0,Student,1
124.59,Debit,Branch,1.0,Student,0
73.88,Debit,Online,1.0,Doctor,0
77.43,Debit,Online,1.0,Student,0
106.15999999999997,Debit,ATM,4.0,Doctor,1
245.93,Debit,Branch,1.0,Engineer,0
622.41,Debit,ATM,1.0,Doctor,0
43.72999999999999,Debit,ATM,1.0,Doctor,0
1282.86,Debit,Branch,1.0,Student,0
2.0299999999999727,Credit,ATM,1.0,Engineer,0
770.65,Debit,Online,1.0,Doctor,0
260.31,Debit,Branch,1.0,Doctor,0
356.1,Credit,Branch,1.0,Student,0
27.069999999999993,Credit,Branch,1.0,Retired,0
119.88999999999999,Debit,ATM,1.0,Doctor,0
106.38999999999999,Debit,Online,1.0,Doctor,0
12.04000000000002,Debit,Online,1.0,Engineer,0
365.7,Debit,Branch,2.0,Student,0
29.379999999999995,Credit,Branch,1.0,Student,0
319.85,Debit,ATM,1.0,Doctor,0
350.14,Credit,Online,1.0,Retired,0
163.94,Credit,Branch,1.0,Retired,0
170.53,Debit,Branch,1.0,Student,0
262.22,Credit,ATM,1.0,Engineer,0
41.49000000000001,Debit,Online,1.0,Student,0
121.43,Credit,Branch,1.0,Engineer,0
350.46,Debit,Branch,1.0,Retired,0
220.40999999999997,Credit,Online,1.0,Engineer,0
33.45999999999998,Debit,ATM,1.0,Retired,0
104.79000000000002,Debit,ATM,1.0,Doctor,0
246.27,Debit,Online,1.0,Doctor,0
48.849999999999994,Debit,ATM,1.0,Student,0
332.0,Debit,ATM,1.0,Retired,0
118.1,Debit,Online,1.0,Engineer,0
84.59,Credit,Branch,1.0,Doctor,0
295.64,Debit,Online,1.0,Student,0
514.33,Debit,Branch,1.0,Student,0
992.1700000000001,Debit,ATM,1.0,Doctor,0
94.58999999999997,Debit,Online,1.0,Doctor,0
80.43,Debit,Branch,1.0,Retired,0
54.25,Debit,Online,1.0,Doctor,0
178.88,Credit,Branch,4.0,Retired,1
518.85,Debit,Online,1.0,Student,0
10.649999999999977,Debit,Online,1.0,Doctor,0
198.62,Credit,Branch,1.0,Student,0
107.03,Debit,Branch,1.0,Student,0
139.57,Debit,ATM,3.0,Student,1
312.47,Debit,ATM,4.0,Engineer,1
346.11,Debit,Branch,1.0,Engineer,0
138.06,Debit,Branch,1.0,Engineer,0
158.02,Debit,ATM,1.0,Engineer,0
830.01,Credit,Online,1.0,Retired,0
435.5,Debit,ATM,1.0,Retired,0
110.49000000000001,Debit,Online,1.0,Doctor,0
329.4,Debit,Online,1.0,Doctor,0
635.4,Debit,ATM,1.0,Doctor,0
769.97,Debit,Branch,1.0,Student,0
175.07,Debit,Branch,1.0,Student,0
7.310000000000002,Debit,Branch,1.0,Retired,0
175.14999999999998,Debit,ATM,1.0,Student,0
32.54000000000002,Debit,Online,4.0,Student,1
121.82,Debit,Online,1.0,Doctor,0
56.119999999999976,Debit,ATM,1.0,Doctor,0
424.7,Credit,Online,1.0,Retired,0
35.160000000000025,Debit,Branch,1.0,Engineer,0
35.73000000000002,Debit,Branch,1.0,Doctor,0
3.4399999999999977,Debit,ATM,1.0,Retired,0
1342.25,Credit,Branch,1.0,Student,0
139.03,Credit,Online,1.0,Engineer,0
254.92,Credit,ATM,1.0,Engineer,0
115.11000000000001,Debit,Online,1.0,Engineer,0
171.11,Debit,ATM,1.0,Retired,0
168.54,Debit,ATM,2.0,Doctor,0
420.76,Debit,Branch,1.0,Retired,0
408.46,Debit,Branch,1.0,Retired,0
1162.42,Credit,Online,1.0,Doctor,0
342.17,Credit,Branch,1.0,Student,0
580.71,Debit,ATM,1.0,Engineer,0
821.54,Credit,Branch,1.0,Retired,0
253.47,Debit,Branch,1.0,Student,0
22.810000000000002,Debit,Online,1.0,Retired,0
266.57,Credit,Online,1.0,Engineer,0
374.61,Credit,Online,1.0,Retired,0
339.35,Credit,ATM,1.0,Retired,0
810.3600000000001,Debit,ATM,1.0,Student,0
9.829999999999984,Debit,ATM,1.0,Student,0
135.57,Credit,Branch,1.0,Doctor,0
340.05,Debit,ATM,1.0,Engineer,0
283.45,Debit,Branch,1.0,Engineer,0
100.99000000000001,Debit,ATM,1.0,Doctor,0
90.88,Debit,Branch,1.0,Student,0
655.15,Debit,ATM,1.0,Engineer,0
320.55,Debit,Online,1.0,Engineer,0
41.50999999999999,Debit,Online,1.0,Student,0
71.52999999999997,Credit,Branch,1.0,Retired,0
467.13,Credit,Branch,1.0,Retired,0
235.4,Debit,Branch,1.0,Student,0
159.32,Debit,Branch,1.0,Student,0
50.829999999999984,Credit,Online,1.0,Doctor,0
56.889999999999986,Credit,Branch,1.0,Engineer,0
20.21999999999997,Debit,ATM,1.0,Engineer,0
50.400000000000006,Debit,Branch,1.0,Doctor,0
73.88,Debit,Branch,1.0,Retired,0
119.60999999999999,Debit,ATM,1.0,Doctor,0
1241.05,Debit,Branch,1.0,Student,0
116.57999999999998,Debit,Branch,1.0,Engineer,0
1919.11,Debit,ATM,1.0,Doctor,0
391.96,Debit,ATM,1.0,Retired,0
156.26,Credit,Branch,1.0,Engineer,0
427.0,Credit,Branch,1.0,Engineer,0
443.68,Debit,ATM,1.0,Student,0
101.75999999999999,Debit,Branch,1.0,Doctor,0
67.57,Debit,Branch,1.0,Engineer,0
326.29,Debit,Online,1.0,Engineer,0
158.56,Debit,ATM,1.0,Doctor,0
56.02000000000004,Debit,Online,1.0,Student,0
288.28,Debit,Online,1.0,Student,0
245.67,Credit,Branch,1.0,Student,0
152.18,Credit,Online,4.0,Engineer,1
114.35,Credit,Branch,1.0,Engineer,0
373.27,Credit,Online,1.0,Doctor,0
504.63,Debit,Online,1.0,Engineer,0
126.22,Debit,ATM,4.0,Engineer,1
820.1500000000001,Debit,Branch,1.0,Doctor,0
986.81,Credit,Online,1.0,Doctor,0
8.370000000000005,Debit,ATM,1.0,Retired,0
197.49,Credit,Online,1.0,Retired,0
637.97,Debit,Branch,1.0,Retired,0
13.519999999999982,Debit,ATM,1.0,Student,0
432.1,Debit,ATM,1.0,Engineer,0
375.17,Debit,ATM,2.0,Engineer,0
642.68,Debit,Branch,1.0,Doctor,0
78.44,Credit,Online,1.0,Retired,0
139.72,Debit,Branch,1.0,Engineer,0
499.99,Debit,Branch,1.0,Engineer,0
10.069999999999993,Debit,Online,1.0,Student,0
120.62,Debit,ATM,1.0,Student,0
578.49,Debit,Branch,1.0,Retired,0
119.30000000000001,Debit,Branch,5.0,Engineer,1
280.92,Debit,Online,1.0,Doctor,0
42.420000000000016,Debit,Online,1.0,Student,0
77.03,Debit,ATM,1.0,Doctor,0
22.589999999999975,Debit,ATM,1.0,Retired,0
568.76,Debit,ATM,1.0,Retired,0
25.939999999999998,Credit,Online,5.0,Retired,1
105.94,Debit,Branch,1.0,Engineer,0
733.29,Debit,ATM,5.0,Doctor,1
350.15,Credit,ATM,1.0,Student,0
1151.18,Debit,ATM,1.0,Doctor,0
183.67,Debit,Online,1.0,Student,0
278.27,Debit,Branch,1.0,Doctor,0
470.3,Debit,ATM,1.0,Doctor,0
261.69,Debit,ATM,1.0,Retired,0
365.04,Debit,Branch,1.0,Student,0
211.1,Debit,Branch,1.0,Retired,0
21.49000000000001,Debit,ATM,1.0,Doctor,0
63.579999999999984,Debit,ATM,1.0,Student,0
321.86,Debit,ATM,1.0,Doctor,0
12.110000000000014,Debit,Branch,1.0,Retired,0
642.54,Debit,Branch,1.0,Engineer,0
210.45,Debit,ATM,1.0,Student,0
313.65,Credit,Branch,1.0,Retired,0
99.75999999999999,Debit,Branch,1.0,Student,0
115.32,Debit,Branch,1.0,Retired,0
33.610000000000014,Debit,Online,1.0,Student,0
498.59,Credit,Online,1.0,Doctor,0
98.81,Debit,Branch,1.0,Student,0
1.8700000000000045,Debit,ATM,1.0,Retired,0
78.92000000000002,Credit,Online,1.0,Engineer,0
194.29,Credit,Branch,1.0,Engineer,0
28.730000000000018,Debit,ATM,1.0,Engineer,0
105.53,Debit,Online,1.0,Student,0
737.34,Debit,Online,1.0,Doctor,0
237.86,Debit,ATM,1.0,Student,0
409.61,Debit,Branch,1.0,Doctor,0
75.53,Credit,Online,1.0,Student,0
72.75,Debit,ATM,1.0,Doctor,0
39.110000000000014,Debit,Online,1.0,Student,0
1309.79,Debit,ATM,1.0,Student,0
729.38,Debit,ATM,1.0,Doctor,0
137.49,Debit,ATM,1.0,Engineer,0
504.71,Debit,Online,1.0,Engineer,0
371.47,Credit,Branch,1.0,Student,0
430.35,Debit,Online,1.0,Doctor,0
230.32,Debit,Branch,1.0,Engineer,0
121.70999999999998,Debit,ATM,1.0,Retired,0
98.87,Debit,Online,1.0,Student,0
117.55000000000001,Debit,ATM,1.0,Student,0
244.64,Debit,Branch,1.0,Doctor,0
321.93,Debit,ATM,1.0,Engineer,0
1092.73,Debit,Branch,1.0,Retired,0
283.23,Debit,Online,1.0,Engineer,0
346.65,Debit,Online,1.0,Engineer,0
381.62,Debit,Online,1.0,Retired,0
388.65,Debit,ATM,1.0,Retired,0
29.21999999999997,Debit,ATM,1.0,Student,0
46.75,Debit,Branch,1.0,Retired,0
348.64,Debit,Online,1.0,Retired,0
319.17,Debit,Online,1.0,Retired,0
73.94999999999999,Debit,ATM,1.0,Student,0
389.63,Debit,Online,1.0,Engineer,0
217.61,Debit,ATM,1.0,Student,0
199.84,Debit,ATM,1.0,Student,0
56.349999999999994,Debit,ATM,1.0,Doctor,0
248.95,Credit,Branch,1.0,Retired,0
142.58,Debit,ATM,1.0,Engineer,0
1020.73,Debit,ATM,1.0,Student,0
84.34,Debit,Online,3.0,Retired,1
1607.55,Debit,ATM,1.0,Engineer,0
333.78,Debit,ATM,1.0,Retired,0
332.59,Debit,Online,1.0,Retired,0
236.81,Debit,Branch,1.0,Student,0
417.8,Credit,Branch,1.0,Student,0
319.27,Debit,ATM,1.0,Doctor,0
384.1,Debit,Branch,1.0,Engineer,0
820.6200000000001,Credit,Branch,1.0,Doctor,0
474.77,Credit,Online,1.0,Engineer,0
542.72,Credit,Branch,1.0,Doctor,0
79.80000000000001,Debit,ATM,1.0,Retired,0
46.24000000000001,Debit,Branch,1.0,Engineer,0
327.8,Debit,ATM,1.0,Doctor,0
445.79,Debit,ATM,1.0,Doctor,0
55.889999999999986,Debit,Online,1.0,Retired,0
158.41,Debit,Branch,1.0,Student,0
101.19,Credit,Online,1.0,Doctor,0
827.1400000000001,Debit,Branch,4.0,Engineer,1
61.97,Debit,ATM,1.0,Retired,0
27.20999999999998,Debit,ATM,1.0,Retired,0
173.74,Debit,Online,1.0,Retired,0
176.11,Debit,Branch,1.0,Engineer,0
88.4,Debit,Online,1.0,Engineer,0
567.92,Debit,Online,1.0,Retired,0
138.11,Credit,Online,1.0,Retired,0
456.93,Credit,Branch,1.0,Engineer,0
101.42000000000002,Debit,Online,1.0,Retired,0
300.61,Debit,Online,1.0,Doctor,0
265.94,Debit,Online,1.0,Engineer,0
345.54,Debit,Online,1.0,Engineer,0
411.52,Debit,ATM,1.0,Doctor,0
111.20999999999998,Debit,Branch,1.0,Doctor,0
316.37,Debit,ATM,1.0,Engineer,0
260.63,Debit,Branch,1.0,Engineer,0
92.36000000000001,Debit,ATM,1.0,Engineer,0
262.06,Debit,Branch,1.0,Doctor,0
64.5,Debit,ATM,1.0,Retired,0
253.55,Debit,ATM,5.0,Engineer,1
408.28,Credit,Branch,3.0,Student,1
175.94,Debit,ATM,1.0,Retired,0
199.47,Debit,Online,1.0,Doctor,0
51.06999999999999,Debit,Branch,1.0,Retired,0
435.86,Debit,ATM,1.0,Retired,0
74.73000000000002,Credit,Branch,1.0,Retired,0
182.79,Credit,Online,1.0,Student,0
628.36,Debit,Online,1.0,Doctor,0
268.39,Debit,Online,1.0,Doctor,0
362.27,Debit,ATM,1.0,Retired,0
560.15,Credit,Online,1.0,Engineer,0
351.99,Debit,ATM,2.0,Retired,0
132.36,Debit,Branch,1.0,Student,0
24.769999999999982,Credit,Online,1.0,Engineer,0
668.67,Debit,Online,4.0,Doctor,1
80.24000000000001,Credit,Branch,1.0,Doctor,0
8.649999999999977,Debit,ATM,1.0,Retired,0
178.91,Debit,ATM,1.0,Student,0
115.22,Debit,Branch,1.0,Engineer,0
161.63,Debit,Online,1.0,Doctor,0
542.75,Credit,Branch,1.0,Retired,0
317.47,Credit,Online,1.0,Doctor,0
280.99,Debit,Branch,1.0,Engineer,0
24.189999999999998,Debit,ATM,1.0,Engineer,0
586.85,Debit,ATM,1.0,Doctor,0
372.41,Debit,ATM,1.0,Retired,0
63.170000000000016,Debit,ATM,1.0,Student,0
383.69,Debit,Online,1.0,Engineer,0
247.17,Credit,Branch,1.0,Retired,0
48.78,Credit,Branch,1.0,Student,0
4.149999999999977,Credit,Branch,1.0,Retired,0
60.99000000000001,Debit,Branch,1.0,Engineer,0
408.19,Debit,Branch,1.0,Engineer,0
524.6,Debit,Branch,1.0,Doctor,0
108.95999999999998,Debit,ATM,1.0,Student,0
70.03,Debit,Branch,1.0,Retired,0
124.84,Debit,Online,1.0,Retired,0
324.04,Debit,ATM,1.0,Retired,0
39.69,Debit,Online,1.0,Retired,0
157.7,Credit,Branch,1.0,Engineer,0
81.26999999999998,Credit,Online,1.0,Student,0
193.82,Debit,Branch,1.0,Engineer,0
16.730000000000018,Debit,Online,1.0,Retired,0
474.05,Debit,ATM,1.0,Retired,0
39.20999999999998,Debit,ATM,4.0,Doctor,1
637.75,Debit,Branch,1.0,Retired,0
153.59,Credit,Branch,1.0,Retired,0
186.6,Debit,Branch,1.0,Student,0
644.08,Debit,Online,1.0,Student,0
226.66,Debit,Branch,1.0,Doctor,0
305.0,Debit,ATM,1.0,Student,0
233.1,Credit,Branch,1.0,Doctor,0
793.13,Debit,Online,1.0,Doctor,0
224.19,Debit,ATM,1.0,Doctor,0
214.83,Credit,ATM,1.0,Student,0
163.46,Credit,Branch,1.0,Retired,0
194.99,Debit,Branch,1.0,Engineer,0
23.399999999999977,Debit,ATM,4.0,Doctor,1
227.5,Debit,Online,1.0,Doctor,0
259.9,Debit,Online,1.0,Student,0
59.50999999999999,Credit,Online,1.0,Doctor,0
50.629999999999995,Debit,Online,1.0,Retired,0
1074.95,Debit,Branch,1.0,Student,0
112.93999999999997,Credit,Online,1.0,Retired,0
11.810000000000002,Debit,ATM,1.0,Student,0
329.14,Debit,Branch,1.0,Doctor,0
154.24,Debit,ATM,1.0,Retired,0
233.44,Debit,Online,1.0,Student,0
141.8,Debit,ATM,1.0,Student,0
209.03,Debit,Branch,1.0,Engineer,0
1137.63,Debit,ATM,1.0,Student,0
261.14,Debit,ATM,1.0,Engineer,0
101.81,Debit,ATM,1.0,Doctor,0
98.70999999999998,Debit,ATM,1.0,Doctor,0
87.38,Debit,Branch,1.0,Student,0
83.38999999999999,Debit,Branch,1.0,Doctor,0
267.55,Debit,Online,1.0,Engineer,0
870.05,Debit,ATM,1.0,Doctor,0
154.32,Credit,ATM,1.0,Engineer,0
164.51,Debit,Branch,1.0,Retired,0
758.12,Debit,ATM,1.0,Retired,0
103.75999999999999,Debit,Online,1.0,Engineer,0
583.92,Debit,Online,1.0,Engineer,0
204.06,Debit,Online,1.0,Retired,0
53.50999999999999,Debit,Online,1.0,Retired,0
1108.4599999999998,Debit,Branch,1.0,Engineer,0
52.94999999999999,Credit,Online,1.0,Retired,0
120.17000000000002,Debit,ATM,1.0,Doctor,0
220.8,Debit,Online,1.0,Engineer,0
119.00999999999999,Debit,ATM,1.0,Doctor,0
183.32,Debit,ATM,1.0,Student,0
858.8800000000001,Debit,Online,1.0,Engineer,0
11.45999999999998,Credit,Online,1.0,Engineer,0
61.370000000000005,Debit,Branch,1.0,Retired,0
103.07999999999998,Credit,Branch,1.0,Engineer,0
1.2099999999999795,Debit,Branch,1.0,Retired,0
425.18,Credit,Online,1.0,Engineer,0
60.96000000000001,Debit,ATM,1.0,Retired,0
64.20999999999998,Debit,ATM,1.0,Doctor,0
523.02,Debit,Online,1.0,Retired,0
50.25999999999999,Debit,Branch,1.0,Retired,0
110.07999999999996,Debit,Branch,1.0,Student,0
54.47,Credit,Branch,1.0,Student,0
79.75999999999999,Debit,Online,1.0,Doctor,0
16.79000000000002,Credit,Online,1.0,Doctor,0
1531.31,Debit,Online,4.0,Student,1
68.61999999999998,Debit,Branch,1.0,Doctor,0
157.16,Debit,Branch,1.0,Student,0
643.3800000000001,Credit,Online,1.0,Student,0
328.34,Credit,Online,1.0,Engineer,0
72.68,Debit,Online,1.0,Retired,0
354.76,Debit,Branch,1.0,Doctor,0
793.88,Credit,ATM,1.0,Student,0
29.21999999999997,Debit,ATM,1.0,Engineer,0
653.97,Debit,Online,1.0,Engineer,0
366.43,Credit,Online,1.0,Student,0
120.86000000000001,Debit,Online,4.0,Doctor,1
233.74,Debit,Online,1.0,Retired,0
471.8399999999999,Debit,ATM,1.0,Student,0
213.4,Credit,Branch,1.0,Retired,0
254.21,Debit,ATM,1.0,Engineer,0
577.73,Debit,ATM,1.0,Doctor,0
170.26,Debit,ATM,1.0,Student,0
337.73,Debit,Online,4.0,Retired,1
330.61,Credit,Branch,1.0,Retired,0
132.33,Credit,ATM,1.0,Engineer,0
672.74,Credit,Branch,1.0,Engineer,0
74.04000000000002,Debit,Online,1.0,Student,0
197.18,Debit,Online,1.0,Engineer,0
21.149999999999977,Debit,Branch,1.0,Retired,0
218.37,Debit,ATM,1.0,Doctor,0
590.01,Debit,Online,3.0,Doctor,1
697.82,Debit,Online,1.0,Engineer,0
302.76,Debit,ATM,3.0,Engineer,1
148.0,Debit,Branch,1.0,Student,0
22.25999999999999,Debit,Branch,1.0,Student,0
0.8600000000000136,Debit,ATM,1.0,Student,0
757.1,Debit,Branch,1.0,Doctor,0
38.81,Credit,Online,1.0,Student,0
76.50999999999999,Credit,Online,4.0,Engineer,1
32.45999999999998,Debit,Online,1.0,Doctor,0
1022.75,Credit,Branch,1.0,Doctor,0
20.639999999999986,Debit,Branch,1.0,Student,0
662.11,Debit,Branch,1.0,Student,0
288.77,Debit,ATM,1.0,Engineer,0
35.05000000000001,Debit,Branch,1.0,Doctor,0
214.73,Credit,ATM,1.0,Doctor,0
25.379999999999995,Debit,Branch,1.0,Engineer,0
617.66,Debit,ATM,1.0,Engineer,0
446.39,Debit,ATM,1.0,Retired,0
377.92,Debit,Branch,1.0,Engineer,0
11.04000000000002,Debit,Online,1.0,Engineer,0
275.46,Debit,ATM,1.0,Doctor,0
179.76,Debit,Online,1.0,Retired,0
32.339999999999975,Debit,Branch,1.0,Doctor,0
273.92,Debit,Branch,1.0,Retired,0
375.45,Debit,Branch,1.0,Student,0
388.98,Debit,ATM,1.0,Student,0
492.84,Debit,ATM,1.0,Student,0
148.85,Debit,ATM,1.0,Doctor,0
119.94999999999999,Credit,Branch,5.0,Retired,1
391.66,Debit,Branch,1.0,Engineer,0
185.99,Credit,Branch,1.0,Engineer,0
322.48,Debit,ATM,1.0,Student,0
20.269999999999982,Debit,Branch,1.0,Student,0
280.61,Debit,ATM,3.0,Engineer,1
199.02,Debit,ATM,1.0,Retired,0
104.23000000000002,Credit,Online,1.0,Retired,0
353.59,Credit,Branch,5.0,Retired,1
55.860000000000014,Debit,Online,1.0,Engineer,0
10.769999999999982,Debit,ATM,1.0,Doctor,0
95.54999999999998,Debit,Branch,1.0,Engineer,0
477.07,Debit,Online,1.0,Engineer,0
9.100000000000023,Credit,Online,1.0,Retired,0
21.410000000000025,Debit,Online,1.0,Doctor,0
278.28,Debit,Branch,1.0,Student,0
388.1,Credit,Online,1.0,Retired,0
215.39,Debit,ATM,1.0,Student,0
194.37,Debit,ATM,1.0,Doctor,0
37.69999999999999,Debit,ATM,1.0,Student,0
19.589999999999975,Debit,Branch,1.0,Retired,0
81.35,Debit,Online,1.0,Engineer,0
314.54,Credit,Branch,1.0,Engineer,0
466.64,Debit,ATM,1.0,Doctor,0
397.01,Debit,ATM,1.0,Student,0
472.48,Debit,Branch,1.0,Engineer,0
67.15,Debit,Online,1.0,Doctor,0
102.67000000000002,Debit,Branch,1.0,Retired,0
460.09,Credit,Online,3.0,Doctor,1
453.49,Debit,Branch,1.0,Doctor,0
267.17,Debit,ATM,1.0,Student,0
111.25999999999999,Debit,ATM,1.0,Doctor,0
121.17000000000002,Debit,ATM,1.0,Doctor,0
213.28,Debit,Branch,1.0,Retired,0
187.88,Debit,ATM,1.0,Engineer,0
471.88,Credit,Online,1.0,Doctor,0
83.79000000000002,Debit,ATM,1.0,Engineer,0
212.14,Debit,Branch,1.0,Retired,0
99.16,Debit,Online,1.0,Retired,0
839.3300000000002,Credit,Branch,1.0,Doctor,0
29.910000000000025,Credit,Online,3.0,Retired,1
4.240000000000009,Debit,Online,1.0,Engineer,0
50.28999999999999,Credit,Online,1.0,Doctor,0
135.85,Debit,Online,1.0,Retired,0
368.53,Debit,Branch,1.0,Doctor,0
17.94999999999999,Credit,Branch,1.0,Doctor,0
127.80000000000001,Credit,Branch,1.0,Engineer,0
16.730000000000018,Debit,Online,1.0,Engineer,0
317.12,Debit,Branch,1.0,Doctor,0
476.63,Debit,ATM,1.0,Retired,0
156.58,Debit,Branch,1.0,Student,0
55.12000000000003,Credit,Online,1.0,Engineer,0
15.740000000000009,Debit,Branch,1.0,Student,0
353.68,Debit,Online,1.0,Retired,0
297.15,Debit,Online,1.0,Retired,0
647.85,Debit,Branch,1.0,Doctor,0
75.04000000000002,Debit,ATM,1.0,Engineer,0
273.92,Debit,Online,1.0,Student,0
215.8,Credit,Branch,1.0,Retired,0
963.77,Debit,ATM,1.0,Engineer,0
420.6,Debit,Branch,1.0,Student,0
688.36,Credit,Branch,1.0,Student,0
285.18,Credit,Branch,1.0,Doctor,0
213.55,Debit,ATM,1.0,Doctor,0
463.11,Credit,Branch,1.0,Doctor,0
150.03,Debit,ATM,1.0,Retired,0
428.61,Debit,Branch,1.0,Retired,0
309.56,Debit,Online,1.0,Doctor,0
377.08,Credit,Branch,1.0,Student,0
77.25000000000003,Debit,Branch,1.0,Doctor,0
146.92,Debit,ATM,1.0,Retired,0
126.6,Debit,Branch,1.0,Student,0
101.33999999999997,Debit,ATM,1.0,Student,0
184.97,Debit,Branch,1.0,Doctor,0
451.15,Debit,ATM,1.0,Engineer,0
516.47,Credit,ATM,1.0,Student,0
880.04,Debit,ATM,1.0,Student,0
353.69,Debit,Online,1.0,Engineer,0
66.69000000000003,Credit,Branch,1.0,Student,0
95.75,Debit,Branch,1.0,Engineer,0
43.91,Debit,Online,1.0,Student,0
98.03,Debit,Branch,1.0,Engineer,0
617.66,Debit,ATM,1.0,Engineer,0
888.5700000000002,Debit,Online,1.0,Retired,0
107.48000000000002,Debit,Branch,1.0,Student,0
36.56999999999999,Debit,ATM,1.0,Retired,0
575.62,Debit,Online,1.0,Doctor,0
84.88999999999999,Debit,ATM,1.0,Engineer,0
832.3,Credit,Branch,1.0,Retired,0
180.65,Debit,Branch,5.0,Student,1
7.759999999999991,Credit,Online,1.0,Retired,0
109.30000000000001,Debit,Branch,1.0,Doctor,0
230.08,Debit,Online,1.0,Retired,0
361.92,Debit,ATM,1.0,Retired,0
71.29000000000002,Debit,ATM,2.0,Retired,0
122.44999999999999,Debit,Branch,1.0,Doctor,0
642.53,Debit,ATM,1.0,Doctor,0
62.860000000000014,Debit,Branch,1.0,Student,0
175.21,Credit,ATM,1.0,Doctor,0
168.0,Credit,Branch,1.0,Engineer,0
11.45999999999998,Debit,Online,1.0,Retired,0
382.07,Credit,Branch,1.0,Doctor,0
13.480000000000018,Debit,Online,3.0,Student,1
65.32,Debit,ATM,1.0,Student,0
83.07000000000002,Debit,Branch,4.0,Engineer,1
730.1,Credit,Branch,1.0,Retired,0
85.31,Debit,ATM,1.0,Retired,0
726.61,Debit,ATM,1.0,Student,0
130.4,Debit,Branch,1.0,Engineer,0
68.1,Debit,ATM,1.0,Student,0
65.25999999999999,Debit,Branch,1.0,Student,0
191.62,Debit,Branch,1.0,Doctor,0
212.88,Debit,Online,1.0,Doctor,0
88.38,Debit,ATM,1.0,Engineer,0
48.77000000000001,Credit,Online,1.0,Engineer,0
289.1,Debit,ATM,1.0,Student,0
390.09,Debit,Online,1.0,Engineer,0
48.28999999999999,Debit,Online,1.0,Engineer,0
333.83,Debit,ATM,1.0,Retired,0
1074.29,Debit,Branch,1.0,Retired,0
100.26999999999998,Debit,Online,1.0,Retired,0
44.53999999999999,Debit,ATM,1.0,Engineer,0
1156.18,Credit,Online,1.0,Doctor,0
82.17000000000002,Debit,Branch,1.0,Student,0
1045.45,Debit,Online,1.0,Student,0
447.42,Debit,Online,1.0,Engineer,0
590.26,Credit,Branch,1.0,Student,0
192.73,Debit,Branch,1.0,Retired,0
146.01,Debit,Online,1.0,Student,0
136.05,Debit,Online,3.0,Student,1
11.569999999999993,Credit,Branch,1.0,Retired,0
102.34,Debit,Online,1.0,Doctor,0
7.819999999999993,Debit,ATM,1.0,Engineer,0
79.43,Debit,ATM,1.0,Retired,0
386.97,Debit,Branch,1.0,Retired,0
51.22,Debit,Branch,1.0,Student,0
256.05,Debit,ATM,1.0,Retired,0
7.7900000000000205,Debit,Branch,1.0,Doctor,0
233.71,Debit,Branch,1.0,Doctor,0
176.37,Debit,Branch,1.0,Retired,0
122.63,Debit,Branch,1.0,Student,0
86.41,Debit,ATM,1.0,Retired,0
21.569999999999993,Debit,ATM,1.0,Retired,0
82.67000000000002,Debit,Branch,1.0,Student,0
451.35,Credit,Branch,1.0,Engineer,0
299.42,Credit,Branch,1.0,Retired,0
543.47,Debit,ATM,1.0,Student,0
346.76,Credit,Branch,1.0,Student,0
47.48000000000002,Debit,Branch,1.0,Student,0
64.92000000000002,Debit,Branch,1.0,Engineer,0
350.72,Credit,ATM,1.0,Student,0
3.8000000000000114,Debit,Online,1.0,Doctor,0
22.54000000000002,Debit,Online,1.0,Engineer,0
767.14,Credit,Branch,1.0,Retired,0
167.47,Debit,ATM,1.0,Engineer,0
43.650000000000006,Credit,Branch,1.0,Engineer,0
391.08,Debit,Online,1.0,Retired,0
390.77,Debit,Online,1.0,Doctor,0
508.1600000000001,Debit,ATM,1.0,Engineer,0
36.75999999999999,Credit,Online,1.0,Retired,0
332.33,Debit,ATM,1.0,Student,0
362.09,Debit,Branch,1.0,Engineer,0
42.579999999999984,Debit,Online,1.0,Doctor,0
122.35,Credit,Branch,1.0,Retired,0
248.66,Debit,Online,1.0,Engineer,0
461.25,Credit,Online,1.0,Doctor,0
61.77000000000001,Debit,Branch,1.0,Doctor,0
268.92,Debit,Branch,1.0,Engineer,0
303.97,Debit,Online,5.0,Student,1
219.02,Credit,Online,1.0,Engineer,0
125.13999999999999,Debit,Branch,1.0,Student,0
47.599999999999994,Debit,Online,1.0,Engineer,0
592.82,Debit,Online,1.0,Retired,0
372.5,Debit,ATM,1.0,Student,0
4.720000000000027,Debit,Branch,1.0,Engineer,0
144.93,Debit,Branch,1.0,Engineer,0
316.56,Debit,Online,1.0,Engineer,0
9.180000000000007,Debit,Online,1.0,Student,0
421.25,Debit,Online,1.0,Student,0
185.71000000000004,Debit,Branch,1.0,Engineer,0
1432.02,Debit,Branch,1.0,Retired,0
26.269999999999982,Credit,Online,1.0,Engineer,0
297.03,Debit,Online,1.0,Retired,0
341.67,Debit,Branch,5.0,Retired,1
99.51999999999995,Debit,ATM,1.0,Engineer,0
881.1000000000001,Debit,Branch,1.0,Student,0
139.69,Debit,Online,1.0,Engineer,0
42.72,Debit,ATM,1.0,Engineer,0
112.72,Debit,Branch,1.0,Doctor,0
568.88,Debit,Branch,1.0,Student,0
189.03,Debit,ATM,1.0,Student,0
199.8,Debit,ATM,1.0,Student,0
189.07999999999998,Debit,Branch,1.0,Doctor,0
958.9000000000001,Debit,Branch,1.0,Engineer,0
409.59,Debit,Online,1.0,Doctor,0
349.34,Credit,ATM,1.0,Student,0
283.15,Debit,Online,1.0,Student,0
151.82,Debit,ATM,1.0,Retired,0
438.59,Debit,Online,1.0,Engineer,0
590.57,Debit,ATM,1.0,Retired,0
63.74000000000004,Debit,Online,1.0,Retired,0
77.01999999999998,Credit,Online,1.0,Doctor,0
501.15,Debit,Branch,1.0,Engineer,0
917.81,Debit,ATM,2.0,Retired,0
8.949999999999989,Debit,Online,1.0,Retired,0
173.6,Debit,Online,1.0,Student,0
149.40000000000003,Debit,ATM,1.0,Retired,0
388.21,Credit,Branch,1.0,Doctor,0
484.3,Credit,Online,3.0,Retired,1
126.04000000000002,Credit,Branch,1.0,Retired,0
52.03999999999999,Credit,Branch,1.0,Doctor,0
389.7,Credit,Branch,1.0,Doctor,0
161.1,Credit,ATM,1.0,Student,0
309.77,Credit,Online,1.0,Retired,0
838.5700000000002,Debit,ATM,1.0,Doctor,0
202.55,Debit,ATM,2.0,Student,0
724.18,Debit,Branch,1.0,Doctor,0
124.98000000000002,Debit,ATM,1.0,Student,0
487.32,Debit,Branch,1.0,Doctor,0
635.91,Credit,Branch,1.0,Doctor,0
205.65,Debit,Branch,1.0,Retired,0
39.410000000000025,Debit,Branch,1.0,Student,0
254.0,Debit,Branch,1.0,Doctor,0
436.8,Debit,Branch,1.0,Engineer,0
224.73,Debit,Branch,1.0,Retired,0
752.69,Credit,ATM,1.0,Doctor,0
78.5,Credit,Branch,1.0,Doctor,0
50.0,Credit,ATM,1.0,Doctor,0
132.42,Debit,ATM,1.0,Student,0
11.670000000000016,Debit,Branch,1.0,Retired,0
83.16,Debit,ATM,1.0,Retired,0
149.02,Credit,Branch,1.0,Engineer,0
74.26999999999998,Credit,Online,1.0,Doctor,0
876.5700000000002,Credit,ATM,1.0,Retired,0
615.58,Debit,ATM,1.0,Doctor,0
643.03,Credit,Online,1.0,Engineer,0
7.949999999999989,Debit,ATM,1.0,Retired,0
270.92,Credit,Branch,1.0,Retired,0
499.48,Debit,ATM,1.0,Student,0
841.5,Credit,Branch,1.0,Student,0
138.82000000000002,Debit,Online,1.0,Retired,0
231.46,Credit,Branch,1.0,Engineer,0
292.08,Debit,ATM,1.0,Retired,0
63.97999999999999,Debit,Online,1.0,Doctor,0
235.21,Debit,Branch,1.0,Doctor,0
201.73,Debit,Online,1.0,Engineer,0
161.31,Debit,ATM,1.0,Student,0
18.410000000000025,Debit,Branch,1.0,Doctor,0
471.75,Credit,Branch,1.0,Doctor,0
290.02,Debit,Branch,1.0,Engineer,0
48.05000000000001,Debit,Branch,1.0,Engineer,0
359.42,Debit,Branch,1.0,Doctor,0
32.910000000000025,Debit,Online,1.0,Student,0
3.8000000000000114,Debit,Branch,1.0,Retired,0
31.810000000000002,Debit,Online,1.0,Retired,0
220.2,Debit,Online,1.0,Student,0
476.03,Credit,Branch,1.0,Retired,0
141.91,Debit,Branch,1.0,Student,0
95.82999999999998,Debit,Online,1.0,Student,0
51.150000000000006,Credit,Branch,1.0,Engineer,0
1192.2,Credit,Branch,5.0,Retired,1
50.75,Debit,ATM,1.0,Doctor,0
185.07,Debit,Branch,1.0,Student,0
293.54,Debit,Online,1.0,Engineer,0
23.379999999999995,Debit,Branch,1.0,Engineer,0
285.26,Debit,ATM,1.0,Student,0
129.48,Debit,ATM,1.0,Engineer,0
743.03,Debit,ATM,1.0,Engineer,0
297.86,Credit,ATM,1.0,Student,0
231.92,Debit,ATM,1.0,Doctor,0
295.82,Credit,Branch,1.0,Engineer,0
302.86,Debit,Online,1.0,Doctor,0
81.07999999999998,Debit,ATM,1.0,Engineer,0
775.6,Credit,Branch,1.0,Retired,0
178.43,Debit,Branch,1.0,Student,0
211.91,Debit,Online,1.0,Student,0
17.20999999999998,Debit,Online,1.0,Student,0
124.22,Debit,ATM,1.0,Student,0
38.370000000000005,Debit,ATM,1.0,Doctor,0
269.79,Debit,ATM,1.0,Engineer,0
605.42,Debit,ATM,1.0,Student,0
11.189999999999998,Debit,ATM,1.0,Engineer,0
29.189999999999998,Credit,Branch,1.0,Doctor,0
701.7,Credit,Online,1.0,Retired,0
862.3400000000001,Debit,Branch,1.0,Doctor,0
410.97,Debit,ATM,1.0,Student,0
36.96999999999997,Debit,Branch,1.0,Engineer,0
137.59,Debit,ATM,1.0,Doctor,0
168.11,Credit,Online,1.0,Doctor,0
430.98,Debit,Branch,1.0,Student,0
13.870000000000005,Debit,Branch,1.0,Student,0
642.68,Debit,ATM,1.0,Retired,0
175.07,Debit,Online,2.0,Engineer,0
302.82,Debit,ATM,1.0,Engineer,0
1647.74,Debit,ATM,1.0,Retired,0
406.81,Debit,Online,1.0,Retired,0
256.3,Debit,Online,1.0,Retired,0
80.95999999999998,Credit,Online,1.0,Student,0
95.78,Debit,Online,1.0,Student,0
379.54,Credit,Branch,1.0,Doctor,0
903.19,Debit,Online,1.0,Student,0
142.19,Debit,Branch,4.0,Student,1
847.45,Debit,Branch,1.0,Student,0
295.18,Credit,Branch,1.0,Doctor,0
18.45999999999998,Debit,Branch,1.0,Retired,0
603.23,Debit,Branch,1.0,Student,0
54.5,Credit,Branch,1.0,Retired,0
414.77,Debit,Online,1.0,Doctor,0
886.19,Debit,Branch,1.0,Retired,0
440.03,Debit,Online,1.0,Engineer,0
35.45999999999998,Debit,ATM,1.0,Retired,0
76.38999999999996,Debit,Branch,1.0,Student,0
595.91,Credit,ATM,1.0,Student,0
6.029999999999973,Debit,Branch,1.0,Retired,0
249.34,Debit,ATM,1.0,Engineer,0
421.52,Debit,Branch,1.0,Student,0
189.77,Debit,Branch,1.0,Engineer,0
73.19,Debit,Branch,1.0,Retired,0
188.13,Credit,Online,1.0,Retired,0
30.519999999999982,Debit,Branch,1.0,Doctor,0
1235.69,Credit,Branch,1.0,Student,0
1159.39,Debit,Online,1.0,Doctor,0
170.24,Debit,Branch,1.0,Retired,0
56.620000000000005,Debit,Branch,1.0,Doctor,0
53.139999999999986,Debit,ATM,1.0,Doctor,0
587.23,Debit,Online,1.0,Student,0
146.15,Debit,Branch,1.0,Doctor,0
21.269999999999982,Credit,Online,1.0,Retired,0
1397.59,Credit,ATM,1.0,Student,0
76.01999999999998,Credit,Online,1.0,Doctor,0
170.19,Credit,Branch,5.0,Student,1
155.51,Debit,ATM,1.0,Doctor,0
135.15,Debit,Online,1.0,Retired,0
39.48000000000002,Debit,ATM,1.0,Retired,0
451.68,Debit,Online,1.0,Engineer,0
19.110000000000014,Credit,Online,1.0,Engineer,0
355.0,Credit,Online,1.0,Student,0
427.69,Debit,ATM,1.0,Engineer,0
254.86,Debit,Branch,1.0,Student,0
19.480000000000018,Debit,ATM,1.0,Engineer,0
190.17,Debit,ATM,1.0,Doctor,0
91.38,Debit,ATM,1.0,Retired,0
206.63,Credit,Online,1.0,Retired,0
93.22,Debit,Online,1.0,Retired,0
547.98,Debit,ATM,1.0,Student,0
641.06,Debit,ATM,1.0,Student,0
314.55,Credit,Branch,2.0,Student,0
836.45,Debit,Online,1.0,Retired,0
1095.09,Debit,ATM,1.0,Engineer,0
189.45,Credit,Branch,1.0,Doctor,0
91.84,Credit,Branch,1.0,Retired,0
609.52,Debit,ATM,1.0,Retired,0
859.3,Credit,Branch,1.0,Retired,0
100.00999999999999,Debit,ATM,1.0,Doctor,0
28.78000000000003,Credit,Online,1.0,Doctor,0
111.07999999999998,Debit,Online,1.0,Doctor,0
470.96,Credit,Online,2.0,Doctor,0
52.22999999999999,Credit,Branch,1.0,Student,0
78.62,Debit,Branch,1.0,Doctor,0
47.78999999999999,Debit,Branch,1.0,Student,0
333.97,Debit,Branch,1.0,Doctor,0
30.870000000000005,Debit,ATM,1.0,Doctor,0
710.43,Debit,Online,1.0,Retired,0
220.23,Debit,ATM,1.0,Engineer,0
27.28000000000003,Debit,ATM,1.0,Doctor,0
101.51999999999998,Debit,ATM,1.0,Engineer,0
162.65,Debit,ATM,1.0,Engineer,0
10.519999999999982,Debit,ATM,1.0,Retired,0
270.72,Debit,Branch,1.0,Doctor,0
202.34,Debit,Online,1.0,Student,0
247.58,Debit,ATM,1.0,Engineer,0
686.17,Debit,ATM,1.0,Retired,0
359.65,Credit,Online,1.0,Student,0
109.91,Debit,Branch,1.0,Doctor,0
215.72,Credit,Branch,1.0,Engineer,0
490.76,Debit,Online,1.0,Retired,0
224.28,Debit,Online,1.0,Retired,0
614.03,Debit,ATM,1.0,Retired,0
608.79,Debit,Online,1.0,Engineer,0
186.55,Debit,Branch,1.0,Engineer,0
840.1600000000001,Credit,Branch,1.0,Student,0
203.34,Debit,ATM,1.0,Doctor,0
90.88,Debit,ATM,1.0,Engineer,0
60.110000000000014,Credit,Branch,1.0,Retired,0
393.92,Debit,Branch,1.0,Retired,0
19.389999999999986,Debit,ATM,1.0,Doctor,0
557.41,Credit,Online,1.0,Retired,0
57.07000000000002,Credit,Online,1.0,Doctor,0
395.27,Credit,Online,1.0,Student,0
289.05,Debit,ATM,1.0,Retired,0
46.110000000000014,Debit,Online,1.0,Doctor,0
335.5,Debit,ATM,1.0,Retired,0
388.07,Debit,Online,1.0,Student,0
520.86,Credit,Online,1.0,Engineer,0
787.41,Debit,Online,1.0,Student,0
31.69999999999999,Credit,ATM,1.0,Doctor,0
22.30000000000001,Debit,ATM,1.0,Student,0
203.12,Debit,ATM,1.0,Retired,0
315.94,Credit,Branch,1.0,Doctor,0
192.23,Debit,Online,3.0,Engineer,1
1510.71,Debit,Online,1.0,Retired,0
0.2599999999999909,Debit,Online,1.0,Student,0
210.77,Debit,ATM,1.0,Retired,0
406.65,Debit,ATM,1.0,Doctor,0
422.9,Debit,ATM,1.0,Engineer,0
20.620000000000005,Credit,ATM,1.0,Doctor,0
174.39,Debit,ATM,1.0,Student,0
7.860000000000014,Credit,Branch,1.0,Retired,0
61.97999999999996,Debit,Online,1.0,Engineer,0
54.849999999999994,Credit,Branch,1.0,Retired,0
204.7,Debit,Branch,5.0,Doctor,1
16.55000000000001,Debit,Branch,1.0,Engineer,0
91.32,Debit,Branch,1.0,Engineer,0
195.49,Debit,ATM,1.0,Doctor,0
49.620000000000005,Debit,ATM,1.0,Engineer,0
487.16,Credit,Branch,1.0,Student,0
405.6,Debit,Online,1.0,Engineer,0
512.95,Debit,Branch,1.0,Engineer,0
345.94,Debit,ATM,1.0,Doctor,0
356.56,Debit,Online,1.0,Engineer,0
10.310000000000002,Debit,Online,1.0,Engineer,0
211.69,Debit,Branch,1.0,Doctor,0
221.49,Credit,Branch,1.0,Student,0
278.23,Debit,Online,1.0,Engineer,0
116.88,Debit,ATM,1.0,Doctor,0
328.77,Credit,Online,1.0,Doctor,0
77.53,Debit,Branch,1.0,Retired,0
421.74,Debit,Online,1.0,Doctor,0
313.69,Debit,Branch,1.0,Retired,0
411.72,Debit,Branch,1.0,Doctor,0
508.73,Debit,Branch,1.0,Retired,0
153.08,Debit,ATM,1.0,Student,0
23.00999999999999,Debit,Branch,1.0,Retired,0
69.28,Debit,Online,1.0,Student,0
51.25000000000003,Credit,Branch,1.0,Student,0
407.65,Debit,ATM,1.0,Student,0
459.25,Debit,Branch,1.0,Student,0
301.56,Debit,Branch,1.0,Doctor,0
17.670000000000016,Debit,Online,1.0,Doctor,0
5.2900000000000205,Credit,Online,1.0,Doctor,0
401.37,Debit,Branch,1.0,Engineer,0
145.4,Debit,Online,1.0,Engineer,0
556.34,Debit,Online,1.0,Doctor,0
34.31,Debit,ATM,1.0,Student,0
780.59,Credit,Online,1.0,Student,0
282.65,Debit,ATM,1.0,Doctor,0
305.27,Debit,Online,1.0,Doctor,0
185.81,Debit,Online,1.0,Doctor,0
66.00999999999999,Debit,Online,1.0,Engineer,0
447.95,Debit,Branch,1.0,Engineer,0
279.3,Debit,ATM,1.0,Student,0
26.75,Debit,Online,1.0,Doctor,0
611.15,Debit,ATM,1.0,Student,0
275.2,Debit,Online,1.0,Engineer,0
427.79,Debit,Branch,1.0,Student,0
469.13,Credit,ATM,1.0,Doctor,0
102.81,Debit,Branch,1.0,Retired,0
22.610000000000014,Debit,Online,1.0,Student,0
68.28,Debit,Online,1.0,Engineer,0
33.64999999999998,Credit,Online,1.0,Doctor,0
362.68,Credit,ATM,1.0,Retired,0
73.23000000000002,Debit,Branch,1.0,Student,0
654.49,Credit,Online,1.0,Student,0
18.560000000000002,Credit,Branch,1.0,Engineer,0
389.05,Debit,ATM,1.0,Student,0
7.3799999999999955,Debit,Online,1.0,Retired,0
109.48000000000002,Debit,Online,1.0,Retired,0
66.91,Debit,ATM,1.0,Doctor,0
335.48,Debit,Branch,1.0,Engineer,0
38.139999999999986,Debit,Online,1.0,Student,0
1076.98,Debit,Branch,1.0,Doctor,0
360.02,Debit,Online,1.0,Retired,0
567.71,Debit,Online,1.0,Doctor,0
218.19,Debit,ATM,1.0,Student,0
209.99,Debit,ATM,1.0,Student,0
11.019999999999982,Debit,Branch,1.0,Student,0
83.43,Debit,Online,1.0,Retired,0
344.97,Debit,Online,1.0,Doctor,0
172.29000000000002,Debit,ATM,1.0,Engineer,0
195.54,Debit,Online,1.0,Retired,0
101.23000000000005,Debit,Online,1.0,Engineer,0
180.46,Debit,ATM,1.0,Student,0
692.55,Debit,Branch,1.0,Retired,0
147.31,Credit,Online,1.0,Doctor,0
107.48000000000002,Debit,Branch,1.0,Student,0
1831.02,Credit,Online,1.0,Doctor,0
81.50999999999999,Debit,Branch,1.0,Student,0
365.48,Credit,Online,1.0,Retired,0
491.1,Credit,Online,1.0,Engineer,0
452.8,Debit,Branch,1.0,Retired,0
645.04,Debit,Branch,1.0,Retired,0
169.28,Debit,Branch,1.0,Doctor,0
88.42000000000002,Debit,ATM,1.0,Doctor,0
155.53,Debit,ATM,1.0,Engineer,0
991.8200000000002,Debit,Online,1.0,Engineer,0
39.24000000000001,Debit,ATM,1.0,Retired,0
152.01,Debit,ATM,3.0,Engineer,1
78.76999999999998,Credit,ATM,1.0,Engineer,0
26.5,Debit,Online,1.0,Engineer,0
83.62,Debit,ATM,1.0,Doctor,0
142.78,Debit,Branch,1.0,Doctor,0
55.99000000000001,Debit,ATM,1.0,Doctor,0
774.48,Debit,Branch,1.0,Doctor,0
105.37,Debit,ATM,1.0,Student,0
118.82999999999998,Debit,Online,1.0,Student,0
46.22,Debit,Branch,1.0,Student,0
659.71,Credit,Branch,1.0,Student,0
377.97,Debit,Online,1.0,Retired,0
114.1,Debit,Branch,1.0,Retired,0
11.300000000000011,Credit,Online,1.0,Retired,0
95.50000000000003,Debit,Online,1.0,Retired,0
130.93,Credit,Branch,1.0,Engineer,0
272.97,Debit,Online,1.0,Retired,0
73.35,Debit,Branch,1.0,Student,0
29.939999999999998,Debit,ATM,1.0,Doctor,0
307.24,Debit,ATM,2.0,Student,0
50.52000000000001,Debit,Online,1.0,Student,0
820.46,Credit,Online,1.0,Engineer,0
153.07,Debit,ATM,1.0,Engineer,0
52.94,Debit,Branch,1.0,Doctor,0
384.41,Debit,ATM,1.0,Engineer,0
235.42,Debit,Branch,1.0,Retired,0
114.23000000000002,Debit,ATM,1.0,Doctor,0
12.620000000000005,Debit,Branch,1.0,Doctor,0
997.3699999999999,Debit,ATM,1.0,Student,0
373.52,Debit,ATM,1.0,Engineer,0
336.05,Debit,Branch,1.0,Student,0
366.93,Debit,Online,1.0,Retired,0
112.26999999999998,Debit,Branch,1.0,Doctor,0
494.9599999999999,Debit,ATM,1.0,Engineer,0
561.58,Debit,Online,1.0,Doctor,0
440.94,Debit,Online,1.0,Doctor,0
71.9,Debit,Branch,1.0,Doctor,0
256.66,Credit,Online,1.0,Retired,0
166.55,Credit,Branch,1.0,Doctor,0
276.26,Debit,Branch,1.0,Doctor,0
35.45999999999998,Debit,ATM,1.0,Doctor,0
38.139999999999986,Debit,Branch,1.0,Engineer,0
506.26,Credit,ATM,1.0,Retired,0
736.32,Debit,Online,1.0,Doctor,0
389.43,Credit,ATM,1.0,Engineer,0
25.579999999999984,Debit,ATM,1.0,Engineer,0
446.1,Debit,ATM,1.0,Student,0
147.74,Debit,Branch,1.0,Student,0
1228.81,Debit,ATM,1.0,Student,0
46.22999999999999,Debit,Online,1.0,Retired,0
265.37,Debit,Branch,1.0,Engineer,0
342.57,Debit,Online,1.0,Student,0
417.26,Credit,Online,1.0,Doctor,0
33.629999999999995,Debit,Online,1.0,Retired,0
64.57999999999998,Debit,Branch,1.0,Retired,0
23.230000000000018,Credit,Branch,1.0,Student,0
160.52,Credit,ATM,1.0,Retired,0
278.88,Debit,Branch,2.0,Doctor,0
285.49,Credit,Branch,1.0,Doctor,0
71.87,Debit,ATM,1.0,Student,0
308.8,Debit,ATM,1.0,Retired,0
135.35,Debit,Branch,1.0,Engineer,0
288.43,Debit,Branch,1.0,Retired,0
147.46000000000004,Credit,Online,1.0,Doctor,0
214.15,Debit,Branch,1.0,Engineer,0
71.34,Debit,Online,3.0,Engineer,1
170.36,Debit,ATM,1.0,Doctor,0
965.6599999999999,Debit,ATM,1.0,Engineer,0
736.53,Debit,ATM,1.0,Engineer,0
213.42,Debit,ATM,1.0,Engineer,0
94.09,Debit,Branch,1.0,Student,0
91.23000000000002,Debit,ATM,1.0,Retired,0
263.92,Credit,Branch,1.0,Retired,0
77.5,Credit,Online,1.0,Doctor,0
3.6499999999999773,Debit,Online,1.0,Doctor,0
43.879999999999995,Credit,Online,1.0,Student,0
591.98,Debit,ATM,1.0,Student,0
224.79,Debit,Online,1.0,Student,0
64.30000000000001,Debit,ATM,1.0,Retired,0
111.79000000000005,Debit,Online,1.0,Doctor,0
927.1600000000001,Debit,ATM,1.0,Retired,0
613.7,Credit,Branch,1.0,Retired,0
26.069999999999993,Debit,Branch,3.0,Student,1
170.45,Debit,Branch,1.0,Engineer,0
344.27,Debit,Branch,1.0,Student,0
872.72,Debit,Online,1.0,Student,0
292.95,Debit,Branch,1.0,Engineer,0
28.439999999999998,Debit,ATM,1.0,Student,0
209.02,Debit,ATM,1.0,Student,0
20.05000000000001,Debit,ATM,1.0,Retired,0
175.02,Debit,Online,1.0,Student,0
89.5,Credit,Branch,1.0,Engineer,0
69.95999999999998,Debit,Branch,1.0,Student,0
146.51,Debit,ATM,1.0,Engineer,0
376.78,Credit,Online,1.0,Student,0
148.53999999999996,Credit,Branch,1.0,Retired,0
388.77,Credit,Online,1.0,Student,0
100.38000000000002,Debit,Branch,1.0,Doctor,0
137.23,Debit,Branch,1.0,Doctor,0
870.3,Debit,ATM,1.0,Retired,0
458.94,Debit,Branch,1.0,Engineer,0
327.35,Credit,Branch,1.0,Student,0
757.15,Debit,Online,1.0,Engineer,0
5.639999999999986,Debit,Online,1.0,Doctor,0
47.22999999999999,Credit,Online,1.0,Retired,0
239.41,Credit,Online,1.0,Doctor,0
7.480000000000018,Debit,ATM,1.0,Engineer,0
170.97,Debit,Branch,1.0,Student,0
262.43,Credit,Online,5.0,Doctor,1
659.15,Debit,ATM,1.0,Student,0
31.53000000000003,Debit,Online,1.0,Student,0
111.66,Credit,Online,1.0,Engineer,0
250.01,Debit,ATM,1.0,Retired,0
554.15,Debit,ATM,1.0,Doctor,0
598.66,Credit,Branch,1.0,Engineer,0
28.379999999999995,Debit,Branch,1.0,Doctor,0
16.80000000000001,Debit,ATM,1.0,Doctor,0
896.79,Debit,Online,1.0,Doctor,0
159.0,Debit,ATM,1.0,Engineer,0
56.31,Credit,Online,1.0,Retired,0
203.99,Debit,Online,1.0,Retired,0
50.99000000000001,Debit,Branch,1.0,Doctor,0
101.28000000000003,Credit,Online,1.0,Engineer,0
299.92,Debit,ATM,1.0,Student,0
77.54000000000002,Debit,Online,1.0,Retired,0
18.350000000000023,Debit,Branch,1.0,Student,0
732.53,Credit,ATM,1.0,Student,0
65.11000000000001,Debit,ATM,1.0,Engineer,0
67.07,Credit,ATM,1.0,Student,0
137.48,Debit,Branch,1.0,Doctor,0
398.36,Debit,ATM,1.0,Student,0
469.46,Debit,ATM,1.0,Student,0
37.579999999999984,Debit,ATM,1.0,Doctor,0
160.24,Debit,ATM,1.0,Engineer,0
315.39,Credit,Branch,1.0,Student,0
434.17,Debit,ATM,5.0,Student,1
165.91,Debit,ATM,1.0,Student,0
211.36,Debit,Branch,1.0,Engineer,0
241.45,Debit,Online,1.0,Student,0
23.24000000000001,Debit,Branch,1.0,Doctor,0
70.88,Credit,Branch,1.0,Retired,0
1143.67,Debit,Online,1.0,Retired,0
314.52,Debit,ATM,1.0,Retired,0
181.81,Credit,Online,1.0,Retired,0
854.6400000000001,Debit,Branch,1.0,Retired,0
261.19,Debit,ATM,1.0,Retired,0
220.68,Credit,Online,1.0,Retired,0
11.860000000000014,Debit,Branch,1.0,Engineer,0
122.65,Debit,Online,1.0,Student,0
395.16,Debit,Online,1.0,Retired,0
704.69,Debit,Online,1.0,Retired,0
369.89,Debit,ATM,1.0,Retired,0
10.920000000000016,Debit,ATM,1.0,Retired,0
199.14,Debit,Branch,1.0,Engineer,0
109.43,Debit,ATM,1.0,Retired,0
304.15,Debit,Branch,1.0,Student,0
620.54,Credit,Branch,1.0,Student,0
757.79,Debit,Online,1.0,Student,0
122.81,Debit,Branch,1.0,Doctor,0
96.25,Debit,Online,1.0,Retired,0
1431.33,Debit,ATM,1.0,Doctor,0
142.55,Debit,Online,1.0,Doctor,0
35.94,Credit,Branch,1.0,Student,0
24.860000000000014,Debit,Branch,1.0,Engineer,0
103.07999999999998,Debit,Online,1.0,Doctor,0
116.26999999999998,Debit,Online,1.0,Engineer,0
363.84,Debit,Online,3.0,Retired,1
34.74000000000001,Credit,Online,1.0,Retired,0
64.00999999999999,Credit,Branch,1.0,Student,0
108.75,Debit,ATM,4.0,Doctor,1
50.900000000000006,Credit,Online,1.0,Student,0
206.84,Debit,Branch,1.0,Student,0
37.39999999999998,Debit,ATM,1.0,Student,0
154.21,Debit,Online,1.0,Engineer,0
199.37,Debit,Online,1.0,Student,0
410.49,Credit,Branch,1.0,Student,0
1360.01,Credit,Branch,1.0,Retired,0
18.230000000000018,Debit,ATM,1.0,Engineer,0
398.7,Debit,ATM,1.0,Doctor,0
122.13999999999999,Debit,Online,1.0,Student,0
378.2,Debit,Branch,1.0,Engineer,0
124.74000000000001,Debit,ATM,1.0,Engineer,0
17.100000000000023,Debit,ATM,1.0,Retired,0
287.05,Debit,ATM,1.0,Student,0
874.72,Debit,Online,1.0,Engineer,0
1762.2800000000002,Debit,ATM,1.0,Student,0
40.120000000000005,Credit,ATM,1.0,Doctor,0
125.0,Credit,Online,1.0,Engineer,0
348.44,Debit,Online,1.0,Student,0
128.4,Debit,ATM,1.0,Retired,0
320.93,Debit,Online,1.0,Engineer,0
1.410000000000025,Debit,ATM,1.0,Retired,0
50.52000000000001,Debit,Branch,1.0,Doctor,0
383.95,Credit,Online,1.0,Engineer,0
12.939999999999998,Debit,Branch,1.0,Student,0
329.75,Debit,Online,1.0,Retired,0
981.76,Debit,Online,1.0,Doctor,0
40.79000000000002,Debit,ATM,1.0,Student,0
99.25,Credit,Online,1.0,Retired,0
150.6,Debit,ATM,1.0,Retired,0
29.5,Debit,Online,1.0,Retired,0
54.34,Debit,ATM,1.0,Doctor,0
18.25,Debit,ATM,1.0,Doctor,0
633.87,Debit,Online,1.0,Student,0
81.14999999999998,Debit,ATM,1.0,Student,0
83.94999999999999,Debit,Online,1.0,Retired,0
410.4,Credit,ATM,1.0,Retired,0
172.68,Debit,ATM,1.0,Doctor,0
139.87999999999997,Debit,ATM,1.0,Engineer,0
165.55,Debit,Branch,1.0,Student,0
53.78999999999999,Credit,ATM,3.0,Engineer,1
285.69,Debit,ATM,1.0,Retired,0
532.4,Debit,ATM,1.0,Student,0
293.85,Debit,Online,1.0,Student,0
27.939999999999998,Debit,Branch,1.0,Retired,0
270.36,Debit,ATM,1.0,Student,0
112.66,Debit,Online,3.0,Engineer,1
506.03,Debit,Branch,1.0,Student,0
206.95,Debit,Branch,1.0,Student,0
350.96,Debit,ATM,1.0,Retired,0
261.63,Debit,Branch,1.0,Student,0
46.120000000000005,Debit,Branch,1.0,Doctor,0
27.25,Credit,Branch,1.0,Retired,0
1353.93,Debit,Branch,1.0,Engineer,0
331.66,Debit,ATM,1.0,Retired,0
667.95,Credit,ATM,1.0,Doctor,0
49.84,Debit,ATM,1.0,Doctor,0
556.04,Debit,ATM,1.0,Retired,0
88.06,Credit,Online,1.0,Student,0
745.95,Debit,ATM,1.0,Doctor,0
67.25,Debit,Online,1.0,Student,0
93.63000000000002,Debit,ATM,1.0,Engineer,0
74.11000000000001,Debit,Branch,1.0,Student,0
41.129999999999995,Credit,Branch,1.0,Retired,0
192.02,Credit,Online,1.0,Retired,0
291.27,Debit,Branch,1.0,Retired,0
296.46,Debit,Branch,1.0,Student,0
341.84,Credit,Branch,1.0,Student,0
98.41000000000003,Debit,Online,1.0,Student,0
109.28,Debit,Online,4.0,Engineer,1
27.50999999999999,Credit,Online,1.0,Doctor,0
12.180000000000007,Debit,Branch,1.0,Retired,0
207.71,Credit,Online,1.0,Student,0
25.769999999999982,Credit,Online,1.0,Doctor,0
127.57,Debit,ATM,1.0,Retired,0
392.05,Debit,ATM,1.0,Engineer,0
521.01,Credit,Branch,1.0,Engineer,0
849.76,Debit,ATM,1.0,Student,0
172.5,Debit,Online,1.0,Doctor,0
265.44,Debit,ATM,1.0,Engineer,0
152.34,Debit,Branch,1.0,Doctor,0
21.129999999999995,Debit,Branch,1.0,Student,0
111.55000000000001,Debit,ATM,1.0,Doctor,0
321.82,Credit,Branch,1.0,Engineer,0
1294.81,Credit,Branch,1.0,Engineer,0
148.77,Debit,Branch,1.0,Retired,0
14.079999999999984,Debit,Branch,1.0,Retired,0
1283.97,Debit,ATM,1.0,Doctor,0
566.33,Credit,ATM,1.0,Student,0
206.51,Debit,ATM,1.0,Retired,0
180.94,Debit,Branch,1.0,Retired,0
77.9,Debit,Branch,1.0,Student,0
318.92,Credit,Branch,1.0,Student,0
583.3,Credit,Online,1.0,Engineer,0
100.68,Debit,Online,1.0,Retired,0
589.6399999999999,Debit,Online,1.0,Retired,0
225.93,Credit,Branch,1.0,Student,0
651.55,Debit,Online,1.0,Retired,0
80.97,Debit,Online,1.0,Doctor,0
191.89,Debit,Branch,1.0,Student,0
304.75,Credit,Branch,1.0,Retired,0
201.53,Debit,Online,1.0,Retired,0
8.449999999999989,Debit,ATM,1.0,Student,0
435.98,Debit,Branch,1.0,Engineer,0
743.24,Credit,Online,1.0,Student,0
16.269999999999982,Debit,ATM,1.0,Doctor,0
290.86,Debit,Online,1.0,Doctor,0
85.73000000000002,Debit,ATM,1.0,Doctor,0
555.71,Credit,Branch,1.0,Student,0
40.03000000000003,Debit,Branch,1.0,Student,0
73.00999999999999,Credit,Online,1.0,Student,0
346.12,Debit,Branch,1.0,Doctor,0
1.9300000000000068,Debit,Branch,5.0,Doctor,1
252.93,Debit,ATM,1.0,Retired,0
238.54,Debit,ATM,4.0,Student,1
1011.22,Debit,Branch,1.0,Retired,0
58.69999999999999,Debit,Branch,1.0,Doctor,0
7.560000000000002,Debit,ATM,1.0,Doctor,0
540.4,Debit,Branch,1.0,Doctor,0
264.14,Debit,ATM,1.0,Doctor,0
248.15,Debit,ATM,1.0,Retired,0
24.339999999999975,Debit,Branch,1.0,Engineer,0
428.61,Debit,ATM,1.0,Doctor,0
117.66000000000003,Credit,Branch,1.0,Doctor,0
165.8,Debit,Online,1.0,Engineer,0
289.18,Debit,ATM,1.0,Retired,0
125.39000000000001,Debit,ATM,1.0,Student,0
305.18,Debit,Online,1.0,Retired,0
506.9,Credit,Branch,1.0,Doctor,0
504.12,Credit,Branch,1.0,Student,0
42.09,Debit,Branch,1.0,Engineer,0
607.28,Debit,ATM,1.0,Doctor,0
91.9,Debit,Online,1.0,Retired,0
303.43,Debit,Branch,1.0,Student,0
668.78,Debit,ATM,1.0,Student,0
270.54,Credit,ATM,1.0,Student,0
247.93,Debit,Branch,1.0,Engineer,0
34.670000000000016,Debit,Online,1.0,Student,0
326.03,Credit,Online,1.0,Student,0
148.26,Debit,ATM,1.0,Student,0
1086.6,Debit,Online,1.0,Student,0
373.99,Debit,ATM,1.0,Doctor,0
254.34,Debit,Online,1.0,Engineer,0
819.48,Debit,ATM,1.0,Student,0
14.0,Debit,ATM,1.0,Engineer,0
57.16,Debit,ATM,1.0,Engineer,0
282.26,Debit,Online,1.0,Engineer,0
46.96000000000001,Debit,Online,1.0,Engineer,0
473.2,Debit,Online,1.0,Doctor,0
192.97000000000003,Debit,ATM,1.0,Retired,0
168.99,Debit,ATM,1.0,Student,0
1.8199999999999932,Debit,Online,1.0,Retired,0
40.89999999999998,Debit,ATM,1.0,Doctor,0
78.91,Debit,Online,1.0,Doctor,0
169.97,Credit,ATM,1.0,Student,0
17.79000000000002,Debit,Branch,5.0,Retired,1
486.61,Credit,ATM,1.0,Engineer,0
148.13,Debit,Branch,1.0,Retired,0
164.52,Debit,ATM,1.0,Doctor,0
720.89,Debit,ATM,1.0,Student,0
268.7,Debit,ATM,1.0,Retired,0
637.34,Debit,ATM,1.0,Retired,0
216.76,Credit,Online,1.0,Engineer,0
418.02,Debit,ATM,1.0,Doctor,0
292.03,Credit,ATM,1.0,Engineer,0
251.4,Debit,ATM,1.0,Retired,0
184.56,Debit,Online,1.0,Student,0
33.75999999999999,Debit,Online,1.0,Engineer,0
253.46,Debit,ATM,1.0,Engineer,0
1612.3699999999997,Debit,ATM,1.0,Retired,0
138.68,Credit,Branch,1.0,Student,0
42.56,Debit,Online,1.0,Student,0
680.76,Debit,Branch,1.0,Student,0
53.829999999999984,Debit,Branch,1.0,Retired,0
11.089999999999975,Debit,Branch,1.0,Engineer,0
37.81,Debit,Branch,1.0,Retired,0
449.18,Debit,Online,1.0,Retired,0
1135.8,Debit,ATM,1.0,Doctor,0
297.6,Debit,Online,1.0,Doctor,0
683.75,Debit,Branch,1.0,Doctor,0
21.399999999999977,Credit,Online,1.0,Engineer,0
315.94,Debit,ATM,1.0,Retired,0
331.32,Debit,Branch,5.0,Doctor,1
223.76,Credit,Branch,1.0,Retired,0
216.03000000000003,Debit,ATM,1.0,Doctor,0
17.420000000000016,Debit,ATM,1.0,Retired,0
491.91,Debit,Online,1.0,Retired,0
350.11,Credit,Online,1.0,Retired,0
218.07,Debit,Branch,1.0,Student,0
291.09,Debit,Branch,1.0,Engineer,0
422.14,Credit,Branch,1.0,Student,0
613.21,Debit,ATM,1.0,Retired,0
73.82999999999998,Debit,Online,1.0,Doctor,0
67.32999999999998,Debit,Online,1.0,Engineer,0
26.920000000000016,Debit,ATM,1.0,Retired,0
18.30000000000001,Debit,Online,1.0,Engineer,0
317.94,Debit,ATM,1.0,Engineer,0
179.38,Debit,Online,1.0,Doctor,0
918.95,Debit,Online,1.0,Doctor,0
13.920000000000016,Debit,ATM,1.0,Engineer,0
365.43,Debit,ATM,1.0,Student,0
263.59,Debit,Branch,1.0,Retired,0
54.80000000000001,Debit,Branch,1.0,Engineer,0
141.49,Debit,Online,1.0,Student,0
31.389999999999986,Debit,ATM,1.0,Student,0
93.82,Debit,Online,1.0,Engineer,0
5.7099999999999795,Debit,Branch,1.0,Student,0
178.39,Debit,Online,1.0,Engineer,0
126.91,Debit,ATM,1.0,Student,0
36.089999999999975,Debit,Branch,1.0,Doctor,0
91.77000000000001,Debit,Branch,1.0,Doctor,0
198.92,Debit,Online,1.0,Engineer,0
137.81,Debit,Branch,1.0,Engineer,0
136.88,Credit,Branch,1.0,Student,0
133.07000000000002,Debit,Branch,1.0,Student,0
1.1399999999999864,Debit,Branch,1.0,Doctor,0
256.34,Debit,Branch,1.0,Retired,0
56.109999999999985,Debit,Branch,1.0,Doctor,0
118.1,Debit,ATM,1.0,Engineer,0
137.85999999999999,Credit,Online,1.0,Doctor,0
813.78,Credit,ATM,1.0,Doctor,0
237.97,Debit,ATM,1.0,Doctor,0
684.96,Debit,ATM,1.0,Student,0
878.6300000000001,Debit,ATM,1.0,Engineer,0
276.56,Debit,Branch,1.0,Doctor,0
8.75,Debit,ATM,1.0,Retired,0
637.48,Debit,Online,1.0,Retired,0
103.15,Debit,Branch,1.0,Doctor,0
505.6,Debit,Branch,1.0,Retired,0
371.86,Debit,ATM,1.0,Doctor,0
14.259999999999991,Debit,Branch,1.0,Engineer,0
13.160000000000025,Debit,Branch,1.0,Engineer,0
167.92,Debit,ATM,2.0,Doctor,0
73.00999999999999,Debit,ATM,1.0,Retired,0
201.5,Credit,Online,1.0,Doctor,0
150.30000000000004,Debit,Online,1.0,Doctor,0
23.69999999999999,Debit,ATM,1.0,Doctor,0
49.59,Debit,Branch,1.0,Engineer,0
720.13,Credit,ATM,1.0,Student,0
134.92,Debit,Online,1.0,Student,0
116.97,Debit,ATM,1.0,Student,0
11.060000000000002,Debit,ATM,3.0,Engineer,1
88.29000000000002,Credit,Online,1.0,Engineer,0
5.810000000000002,Debit,ATM,1.0,Student,0
103.48000000000002,Debit,ATM,1.0,Engineer,0
156.74,Debit,ATM,1.0,Retired,0
505.14,Debit,ATM,1.0,Retired,0
31.060000000000002,Debit,ATM,1.0,Doctor,0
7.610000000000014,Debit,ATM,1.0,Doctor,0
276.16,Credit,ATM,1.0,Retired,0
145.77,Debit,ATM,1.0,Retired,0
369.44,Debit,Online,1.0,Engineer,0
558.86,Debit,ATM,1.0,Doctor,0
429.15,Debit,Branch,1.0,Student,0
36.74000000000001,Debit,Branch,1.0,Doctor,0
79.13999999999999,Credit,Online,1.0,Retired,0
132.48,Debit,Branch,1.0,Engineer,0
136.48,Debit,Online,4.0,Engineer,1
203.76,Debit,Branch,1.0,Retired,0
750.95,Debit,Branch,1.0,Retired,0
0.8400000000000318,Debit,ATM,1.0,Engineer,0
257.18,Debit,Online,1.0,Doctor,0
767.66,Debit,ATM,1.0,Doctor,0
182.29,Debit,Online,1.0,Doctor,0
184.51,Credit,Online,1.0,Doctor,0
451.31,Debit,ATM,5.0,Retired,1
144.1,Debit,Branch,1.0,Doctor,0
72.49999999999997,Debit,ATM,1.0,Doctor,0
74.11000000000001,Credit,Online,4.0,Retired,1
22.149999999999977,Debit,Branch,1.0,Doctor,0
777.92,Debit,Branch,1.0,Doctor,0
790.07,Debit,Online,1.0,Student,0
406.33,Credit,Branch,1.0,Engineer,0
767.41,Debit,ATM,1.0,Doctor,0
4.579999999999984,Credit,Online,1.0,Student,0
447.83,Credit,Branch,1.0,Doctor,0
49.670000000000016,Debit,Online,1.0,Student,0
77.82999999999998,Credit,Branch,1.0,Engineer,0
702.87,Debit,ATM,1.0,Student,0
133.56,Debit,Online,1.0,Student,0
868.05,Credit,Online,1.0,Engineer,0
52.870000000000005,Debit,Branch,1.0,Student,0
179.0,Debit,ATM,1.0,Retired,0
1168.26,Credit,Online,1.0,Retired,0
384.11,Debit,ATM,1.0,Retired,0
227.61,Debit,Online,1.0,Retired,0
40.829999999999984,Debit,ATM,1.0,Engineer,0
19.75999999999999,Debit,ATM,1.0,Student,0
484.24,Debit,Branch,1.0,Doctor,0
494.6600000000001,Debit,Online,1.0,Doctor,0
301.47,Debit,Branch,1.0,Student,0
199.09,Debit,Online,1.0,Doctor,0
38.94999999999999,Debit,Online,1.0,Engineer,0
515.94,Debit,ATM,1.0,Engineer,0
41.93000000000001,Debit,ATM,1.0,Engineer,0
137.84000000000003,Debit,ATM,1.0,Student,0
95.35,Debit,Online,1.0,Student,0
93.13999999999999,Debit,Online,1.0,Retired,0
1427.71,Debit,Branch,1.0,Doctor,0
79.32999999999998,Credit,Online,1.0,Doctor,0
76.88999999999999,Debit,ATM,1.0,Doctor,0
233.71,Debit,Online,1.0,Student,0
14.920000000000016,Debit,Branch,1.0,Engineer,0
242.17,Debit,ATM,1.0,Doctor,0
122.98000000000002,Debit,Online,1.0,Retired,0
129.35,Debit,ATM,1.0,Engineer,0
138.33,Debit,Online,1.0,Student,0
39.31,Debit,Online,1.0,Student,0
91.85,Debit,Online,1.0,Student,0
277.7,Debit,Branch,1.0,Engineer,0
114.03,Debit,ATM,1.0,Doctor,0
302.63,Credit,Branch,1.0,Engineer,0
31.189999999999998,Debit,ATM,1.0,Engineer,0
112.90999999999997,Credit,Online,1.0,Engineer,0
742.26,Debit,Online,1.0,Engineer,0
256.8,Debit,ATM,1.0,Student,0
378.68,Debit,ATM,1.0,Doctor,0
571.93,Debit,Online,1.0,Retired,0
26.310000000000002,Credit,Online,1.0,Retired,0
205.58,Debit,Online,1.0,Student,0
533.61,Debit,Online,1.0,Engineer,0
428.62,Debit,Branch,1.0,Retired,0
361.22,Debit,ATM,1.0,Retired,0
837.29,Debit,Branch,1.0,Student,0
117.25,Credit,Online,1.0,Doctor,0
135.27,Debit,ATM,1.0,Doctor,0
185.1,Debit,Branch,1.0,Retired,0
113.54000000000002,Debit,Online,1.0,Engineer,0
354.96,Debit,Online,1.0,Doctor,0
224.22000000000003,Debit,Branch,1.0,Doctor,0
737.1,Debit,ATM,1.0,Retired,0
223.22,Debit,ATM,1.0,Student,0
557.26,Debit,ATM,1.0,Doctor,0
1496.57,Debit,Online,1.0,Engineer,0
27.439999999999998,Debit,ATM,1.0,Retired,0
310.09,Debit,Branch,1.0,Doctor,0
80.38,Debit,Online,1.0,Doctor,0
26.100000000000023,Credit,Branch,1.0,Doctor,0
845.1400000000001,Credit,Branch,1.0,Retired,0
59.72999999999999,Debit,ATM,1.0,Student,0
758.77,Debit,ATM,1.0,Engineer,0
301.51,Debit,ATM,1.0,Student,0
418.03,Debit,Online,1.0,Doctor,0
118.06,Credit,Branch,1.0,Doctor,0
483.92,Debit,ATM,1.0,Retired,0
78.93,Debit,ATM,1.0,Doctor,0
36.629999999999995,Debit,ATM,1.0,Retired,0
87.85000000000002,Debit,Branch,1.0,Engineer,0
1001.8300000000002,Debit,Online,1.0,Doctor,0
705.34,Debit,Online,1.0,Doctor,0
146.54999999999998,Debit,Online,5.0,Retired,1
116.88999999999999,Debit,Online,1.0,Retired,0
106.41,Debit,Branch,1.0,Retired,0
1087.9,Debit,ATM,1.0,Retired,0
584.41,Debit,ATM,1.0,Student,0
584.98,Credit,Branch,1.0,Retired,0
79.20999999999998,Debit,Branch,1.0,Retired,0
173.13,Credit,Online,1.0,Student,0
335.7,Debit,ATM,1.0,Retired,0
1225.5,Credit,Online,1.0,Doctor,0
422.81,Debit,Branch,1.0,Student,0
135.43,Debit,ATM,1.0,Retired,0
584.88,Debit,ATM,1.0,Student,0
308.94,Debit,Online,1.0,Student,0
295.93,Debit,Branch,1.0,Doctor,0
1512.9900000000002,Debit,Online,1.0,Student,0
77.44,Debit,Branch,1.0,Retired,0
92.5,Credit,Online,1.0,Engineer,0
97.74000000000001,Credit,Online,1.0,Engineer,0
291.68,Debit,ATM,1.0,Student,0
56.96000000000001,Debit,ATM,1.0,Student,0
436.8,Debit,Online,1.0,Student,0
259.49,Debit,Online,1.0,Retired,0
726.26,Debit,Online,1.0,Retired,0
568.68,Debit,ATM,1.0,Retired,0
77.57,Debit,Online,1.0,Doctor,0
999.28,Debit,Online,1.0,Engineer,0
14.160000000000025,Credit,Branch,1.0,Retired,0
1142.83,Credit,Branch,1.0,Retired,0
61.329999999999984,Debit,ATM,1.0,Engineer,0
27.639999999999986,Debit,Online,1.0,Engineer,0
3.8500000000000227,Debit,ATM,1.0,Doctor,0
431.22,Credit,Branch,1.0,Retired,0
178.55,Debit,Branch,1.0,Engineer,0
248.76,Debit,ATM,1.0,Student,0
76.16,Debit,ATM,1.0,Student,0
347.25,Debit,ATM,1.0,Doctor,0
28.04000000000002,Debit,ATM,5.0,Doctor,1
325.98,Debit,ATM,1.0,Student,0
249.56,Debit,Branch,1.0,Retired,0
17.430000000000007,Debit,ATM,1.0,Doctor,0
198.01,Credit,Branch,1.0,Student,0
585.58,Debit,Branch,1.0,Student,0
434.67,Credit,Online,1.0,Student,0
510.7,Credit,Online,1.0,Student,0
331.98,Debit,ATM,1.0,Retired,0
199.54,Debit,Online,1.0,Engineer,0
212.97,Debit,Online,1.0,Engineer,0
270.56,Debit,Online,1.0,Student,0
306.37,Debit,ATM,1.0,Engineer,0
643.02,Credit,ATM,1.0,Doctor,0
98.48000000000002,Debit,Branch,1.0,Engineer,0
889.01,Debit,Online,1.0,Engineer,0
537.86,Debit,Online,1.0,Student,0
241.18,Debit,ATM,1.0,Student,0
130.54,Debit,ATM,1.0,Doctor,0
800.29,Credit,Branch,1.0,Student,0
8.810000000000002,Debit,Online,1.0,Doctor,0
28.519999999999982,Debit,ATM,1.0,Student,0
431.31,Credit,Online,1.0,Student,0
885.3300000000002,Credit,ATM,1.0,Engineer,0
199.23,Debit,ATM,1.0,Engineer,0
42.25999999999999,Debit,ATM,1.0,Doctor,0
166.06,Debit,ATM,1.0,Engineer,0
357.72,Debit,ATM,1.0,Retired,0
588.37,Debit,Online,1.0,Student,0
72.82,Debit,Online,1.0,Doctor,0
162.36,Debit,Online,1.0,Engineer,0
584.82,Credit,Online,1.0,Doctor,0
38.14999999999998,Credit,Online,1.0,Retired,0
477.54,Credit,ATM,1.0,Student,0
639.57,Debit,Branch,1.0,Doctor,0
58.22999999999999,Debit,Online,1.0,Student,0
776.21,Credit,Online,1.0,Retired,0
248.76,Debit,Branch,1.0,Student,0
188.61,Debit,Online,1.0,Retired,0
675.37,Credit,Online,1.0,Retired,0
94.82,Credit,Branch,1.0,Retired,0
425.18,Credit,Online,1.0,Engineer,0
50.28000000000003,Debit,Branch,1.0,Engineer,0
864.72,Credit,Branch,1.0,Engineer,0
70.68,Debit,Online,1.0,Student,0
261.77,Debit,Online,1.0,Student,0
183.22,Debit,ATM,1.0,Student,0
58.31999999999999,Credit,Branch,4.0,Engineer,1
156.86,Debit,ATM,1.0,Doctor,0
120.67000000000002,Debit,ATM,1.0,Doctor,0
308.62,Credit,Branch,1.0,Engineer,0
506.81,Debit,ATM,1.0,Engineer,0
328.39,Debit,ATM,1.0,Engineer,0
796.3,Debit,Branch,1.0,Retired,0
72.47000000000003,Debit,Online,1.0,Doctor,0
279.6,Debit,ATM,1.0,Student,0
304.2,Debit,Online,1.0,Student,0
351.38,Debit,Branch,1.0,Retired,0
86.07,Debit,Branch,1.0,Doctor,0
604.5,Debit,ATM,1.0,Student,0
258.7,Debit,ATM,1.0,Student,0
994.6300000000001,Debit,Online,1.0,Doctor,0
11.45999999999998,Credit,Branch,1.0,Retired,0
63.75999999999999,Debit,ATM,1.0,Retired,0
446.8299999999999,Credit,Branch,1.0,Retired,0
63.53999999999999,Debit,ATM,1.0,Engineer,0
81.10999999999999,Debit,Online,1.0,Engineer,0
441.26,Credit,Branch,5.0,Doctor,1
170.96,Debit,Branch,1.0,Doctor,0
48.50999999999996,Debit,Branch,1.0,Student,0
325.03,Debit,Branch,1.0,Doctor,0
125.82999999999998,Debit,ATM,1.0,Retired,0
506.83,Debit,Branch,1.0,Engineer,0
738.94,Debit,Branch,1.0,Doctor,0
180.36,Credit,Online,1.0,Engineer,0
225.1,Debit,ATM,1.0,Student,0
359.51,Debit,Online,1.0,Retired,0
720.46,Debit,Branch,1.0,Retired,0
1116.57,Debit,ATM,1.0,Retired,0
291.46,Debit,ATM,1.0,Retired,0
1192.95,Debit,Branch,1.0,Student,0
98.24000000000001,Debit,Online,1.0,Student,0
100.48000000000002,Credit,Branch,1.0,Student,0
45.900000000000006,Debit,Branch,1.0,Engineer,0
258.21,Debit,Online,1.0,Doctor,0
1079.11,Debit,Online,1.0,Engineer,0
287.51,Debit,Online,1.0,Student,0
501.3,Credit,Online,1.0,Engineer,0
26.100000000000023,Debit,ATM,1.0,Student,0
436.77,Debit,ATM,1.0,Student,0
292.38,Debit,ATM,1.0,Doctor,0
1026.46,Debit,Branch,1.0,Retired,0
25.29000000000002,Debit,Online,1.0,Engineer,0
123.35,Credit,Online,1.0,Doctor,0
139.52,Debit,Branch,1.0,Student,0
51.19999999999999,Debit,Online,1.0,Student,0
122.85,Credit,Online,3.0,Doctor,1
161.38,Credit,Online,1.0,Student,0
2.509999999999991,Debit,Online,1.0,Retired,0
22.620000000000005,Debit,ATM,1.0,Doctor,0
126.82999999999998,Debit,Branch,1.0,Retired,0
46.599999999999994,Debit,Online,1.0,Doctor,0
243.8,Debit,Branch,1.0,Doctor,0
231.51,Credit,Branch,1.0,Retired,0
175.05,Debit,Online,1.0,Engineer,0
762.74,Debit,ATM,1.0,Doctor,0
34.03000000000003,Debit,Branch,1.0,Engineer,0
15.949999999999989,Debit,Branch,1.0,Student,0
926.53,Debit,ATM,1.0,Engineer,0
101.50999999999999,Credit,Online,1.0,Engineer,0
309.42,Debit,Branch,1.0,Engineer,0
257.6,Credit,Online,1.0,Retired,0
746.78,Credit,Branch,1.0,Student,0
82.00999999999999,Credit,Branch,1.0,Student,0
476.99,Debit,Online,1.0,Student,0
320.11,Debit,Branch,1.0,Student,0
333.39,Debit,ATM,1.0,Doctor,0
10.300000000000011,Debit,ATM,1.0,Engineer,0
737.46,Credit,Branch,4.0,Doctor,1
416.55,Debit,Online,1.0,Engineer,0
84.91,Debit,Online,1.0,Student,0
98.94999999999999,Debit,Branch,1.0,Retired,0
18.139999999999986,Credit,ATM,1.0,Retired,0
1154.79,Debit,ATM,1.0,Doctor,0
215.13,Debit,Online,1.0,Engineer,0
218.57,Credit,Branch,1.0,Doctor,0
341.88,Debit,ATM,1.0,Engineer,0
691.92,Debit,Online,1.0,Student,0
50.43000000000001,Debit,Branch,1.0,Doctor,0
440.43,Debit,Branch,1.0,Retired,0
299.03,Debit,Branch,1.0,Engineer,0
1.9800000000000182,Debit,ATM,1.0,Doctor,0
173.45,Debit,ATM,1.0,Engineer,0
438.76,Debit,Branch,1.0,Student,0
519.62,Credit,Online,1.0,Retired,0
738.68,Debit,Online,1.0,Doctor,0
151.14,Debit,Online,1.0,Retired,0
75.76999999999998,Debit,Branch,1.0,Engineer,0
444.52,Debit,Online,1.0,Engineer,0
5.2900000000000205,Debit,Online,1.0,Doctor,0
97.63,Credit,Online,1.0,Doctor,0
256.95,Debit,Branch,1.0,Engineer,0
734.86,Credit,Branch,1.0,Engineer,0
1250.94,Debit,ATM,2.0,Doctor,0
84.28,Debit,Branch,1.0,Doctor,0
927.45,Debit,ATM,1.0,Student,0
202.49,Credit,ATM,1.0,Engineer,0
154.99,Debit,Branch,1.0,Student,0
481.53,Debit,Branch,1.0,Retired,0
172.92,Debit,Online,1.0,Student,0
275.59,Credit,Branch,1.0,Retired,0
207.2,Debit,Online,1.0,Engineer,0
136.82,Debit,Branch,1.0,Engineer,0
624.0,Debit,Branch,5.0,Engineer,1
179.38,Debit,Online,1.0,Engineer,0
10.149999999999977,Debit,ATM,5.0,Doctor,1
26.30000000000001,Debit,ATM,1.0,Doctor,0
319.5,Credit,Branch,1.0,Engineer,0
182.42000000000002,Debit,Branch,1.0,Retired,0
716.6199999999999,Debit,ATM,1.0,Doctor,0
222.96,Credit,ATM,1.0,Doctor,0
79.76999999999998,Debit,ATM,1.0,Retired,0
431.08,Debit,Branch,1.0,Retired,0
592.24,Debit,ATM,1.0,Doctor,0
200.19,Credit,Branch,1.0,Retired,0
297.5,Credit,Branch,1.0,Retired,0
345.86,Debit,ATM,1.0,Retired,0
343.88,Debit,Online,1.0,Retired,0
16.519999999999982,Credit,Online,1.0,Student,0
162.1,Debit,Branch,1.0,Engineer,0
36.120000000000005,Debit,Online,1.0,Student,0
354.91,Debit,ATM,1.0,Retired,0
38.410000000000025,Debit,ATM,1.0,Doctor,0
53.52000000000001,Debit,Branch,1.0,Engineer,0
498.59,Debit,Online,1.0,Retired,0
13.300000000000011,Debit,ATM,1.0,Student,0
189.65,Debit,ATM,1.0,Student,0
255.32,Debit,ATM,1.0,Retired,0
230.51,Credit,Branch,1.0,Engineer,0
237.74,Debit,ATM,1.0,Doctor,0
512.76,Debit,ATM,1.0,Doctor,0
151.36999999999998,Debit,ATM,1.0,Engineer,0
85.01000000000002,Credit,ATM,1.0,Student,0
444.47,Debit,Online,1.0,Retired,0
184.19,Debit,ATM,1.0,Retired,0
879.25,Credit,Online,1.0,Student,0
55.97999999999999,Credit,Branch,1.0,Student,0
54.91,Credit,ATM,1.0,Engineer,0
1047.6899999999998,Debit,Online,1.0,Student,0
393.74,Debit,Online,1.0,Student,0
58.94,Debit,Online,1.0,Engineer,0
515.57,Debit,ATM,1.0,Engineer,0
332.15,Debit,ATM,1.0,Doctor,0
177.94,Debit,Online,1.0,Student,0
68.68,Debit,Online,1.0,Engineer,0
1431.54,Debit,Online,1.0,Student,0
240.03,Debit,Online,1.0,Engineer,0
168.34,Debit,ATM,1.0,Retired,0
474.77,Debit,Online,1.0,Engineer,0
451.7,Debit,Online,1.0,Engineer,0
243.85,Debit,Branch,1.0,Engineer,0
5.759999999999991,Debit,Branch,1.0,Engineer,0
435.08,Debit,Online,1.0,Engineer,0
127.78,Debit,ATM,1.0,Student,0
23.139999999999986,Credit,Online,1.0,Doctor,0
545.87,Debit,Branch,1.0,Engineer,0
21.20999999999998,Debit,Online,1.0,Engineer,0
423.53,Credit,Branch,1.0,Doctor,0
142.1,Credit,Online,1.0,Student,0
1413.24,Debit,ATM,1.0,Engineer,0
114.15,Debit,ATM,1.0,Student,0
275.98,Credit,Online,1.0,Retired,0
590.68,Debit,Branch,1.0,Student,0
152.42,Debit,ATM,1.0,Doctor,0
395.77,Credit,Branch,1.0,Doctor,0
615.16,Debit,Online,1.0,Student,0
207.82,Credit,Online,1.0,Student,0
220.52,Debit,ATM,1.0,Retired,0
281.47,Debit,ATM,1.0,Engineer,0
57.91,Credit,Branch,1.0,Engineer,0
30.480000000000018,Credit,Branch,1.0,Doctor,0
1152.58,Debit,Branch,1.0,Retired,0
453.09,Debit,Branch,1.0,Doctor,0
424.47,Debit,Online,1.0,Student,0
228.4,Debit,ATM,1.0,Doctor,0
67.17000000000002,Debit,Online,1.0,Doctor,0
284.89,Debit,Online,1.0,Doctor,0
118.68999999999997,Debit,Online,1.0,Doctor,0
221.33,Debit,ATM,1.0,Student,0
252.31,Credit,ATM,1.0,Student,0
58.849999999999994,Credit,Online,1.0,Retired,0
194.68,Debit,Online,1.0,Doctor,0
433.53,Debit,Branch,1.0,Doctor,0
178.26,Debit,ATM,1.0,Retired,0
207.65,Debit,Online,1.0,Engineer,0
237.0,Debit,Online,1.0,Doctor,0
1169.59,Debit,Online,1.0,Student,0
347.63,Credit,Online,1.0,Student,0
517.68,Debit,ATM,1.0,Doctor,0
36.25,Debit,Branch,1.0,Doctor,0
46.52999999999997,Debit,ATM,1.0,Engineer,0
207.47,Debit,ATM,1.0,Doctor,0
199.7,Debit,ATM,1.0,Engineer,0
307.89,Credit,Online,1.0,Retired,0
403.63,Debit,Branch,3.0,Engineer,1
20.060000000000002,Debit,ATM,1.0,Student,0
236.57,Debit,ATM,1.0,Retired,0
0.3199999999999932,Debit,ATM,1.0,Engineer,0
14.279999999999973,Debit,ATM,1.0,Student,0
232.35,Credit,Branch,1.0,Engineer,0
317.53,Debit,Online,1.0,Engineer,0
74.67000000000002,Debit,ATM,1.0,Engineer,0
65.00999999999999,Credit,Online,1.0,Doctor,0
0.44999999999998863,Debit,Branch,1.0,Engineer,0
364.13,Debit,ATM,1.0,Doctor,0
340.13,Debit,Branch,3.0,Student,1
15.810000000000002,Debit,Branch,4.0,Doctor,1
222.66,Debit,Online,1.0,Doctor,0
638.24,Debit,Branch,1.0,Engineer,0
241.21,Debit,ATM,1.0,Engineer,0
171.16,Debit,Online,1.0,Retired,0
1360.67,Debit,Branch,1.0,Engineer,0
37.64999999999998,Credit,Online,1.0,Student,0
25.769999999999982,Debit,Online,1.0,Retired,0
789.8,Debit,ATM,1.0,Doctor,0
308.85,Credit,Branch,2.0,Student,0
1454.52,Debit,ATM,1.0,Student,0
806.97,Debit,Online,1.0,Student,0
364.81,Debit,Online,1.0,Student,0
490.82,Debit,ATM,1.0,Engineer,0
1021.3800000000001,Debit,Branch,1.0,Doctor,0
311.28,Debit,Branch,1.0,Doctor,0
85.03,Debit,ATM,1.0,Retired,0
307.75,Debit,Branch,1.0,Doctor,0
333.67,Debit,Online,1.0,Engineer,0
589.89,Debit,Branch,3.0,Engineer,1
372.08,Debit,Branch,1.0,Doctor,0
502.9,Credit,Online,1.0,Student,0
103.81,Debit,ATM,1.0,Doctor,0
69.43,Debit,ATM,1.0,Engineer,0
110.4,Credit,ATM,1.0,Doctor,0
275.65,Credit,Branch,1.0,Engineer,0
336.01,Debit,Online,4.0,Doctor,1
251.8,Debit,ATM,1.0,Doctor,0
334.07,Debit,Branch,1.0,Engineer,0
52.44,Debit,Online,1.0,Student,0
1030.85,Debit,ATM,1.0,Student,0
141.37,Debit,Online,1.0,Engineer,0
211.7,Credit,Online,1.0,Doctor,0
61.400000000000006,Debit,Branch,2.0,Engineer,0
308.23,Debit,ATM,1.0,Retired,0
111.41,Debit,Branch,1.0,Student,0
675.49,Debit,ATM,1.0,Retired,0
29.71999999999997,Debit,ATM,1.0,Student,0
301.73,Debit,Online,1.0,Doctor,0
294.61,Debit,Branch,1.0,Retired,0
106.43,Credit,ATM,1.0,Engineer,0
381.52,Debit,Online,1.0,Doctor,0
1142.76,Credit,Online,1.0,Student,0
5.660000000000025,Debit,Branch,1.0,Engineer,0
209.09,Debit,ATM,1.0,Doctor,0
521.81,Debit,ATM,1.0,Engineer,0
588.36,Debit,Online,1.0,Engineer,0
146.67,Debit,Online,1.0,Student,0
176.52,Credit,Online,5.0,Retired,1
57.34,Debit,Online,1.0,Student,0
294.77,Debit,Online,1.0,Retired,0
881.3200000000002,Debit,Online,1.0,Engineer,0
162.59,Debit,Branch,1.0,Retired,0
56.150000000000006,Debit,Branch,1.0,Doctor,0
524.55,Debit,ATM,1.0,Doctor,0
535.4,Debit,Branch,1.0,Student,0
56.84,Debit,ATM,1.0,Engineer,0
135.94000000000003,Debit,Branch,1.0,Retired,0
47.099999999999994,Credit,Branch,1.0,Doctor,0
124.05000000000001,Credit,Branch,1.0,Doctor,0
802.89,Debit,ATM,1.0,Student,0
193.16,Debit,ATM,1.0,Retired,0
541.52,Credit,Branch,1.0,Engineer,0
20.170000000000016,Debit,ATM,1.0,Retired,0
35.98000000000002,Credit,Branch,1.0,Doctor,0
273.24,Debit,Branch,1.0,Retired,0
663.45,Debit,ATM,1.0,Retired,0
343.86,Debit,Branch,1.0,Engineer,0
69.38,Debit,Branch,2.0,Doctor,0
75.43,Debit,ATM,1.0,Retired,0
414.64,Debit,Branch,1.0,Doctor,0
86.79000000000005,Debit,Branch,1.0,Doctor,0
1105.88,Debit,ATM,1.0,Engineer,0
14.100000000000023,Debit,Branch,1.0,Engineer,0
63.329999999999984,Credit,Branch,1.0,Student,0
606.27,Debit,Branch,1.0,Doctor,0
4.470000000000027,Debit,Branch,1.0,Student,0
289.01,Debit,Online,1.0,Retired,0
338.69,Debit,Branch,1.0,Student,0
97.73000000000002,Debit,Branch,1.0,Doctor,0
1021.1600000000001,Debit,ATM,1.0,Student,0
27.610000000000014,Credit,ATM,1.0,Retired,0
284.17,Debit,ATM,1.0,Retired,0
76.20999999999998,Debit,Branch,1.0,Student,0
334.79,Credit,Branch,1.0,Doctor,0
584.51,Debit,ATM,1.0,Retired,0
432.18,Debit,Branch,1.0,Student,0
134.55,Debit,Online,1.0,Doctor,0
61.66,Debit,ATM,1.0,Student,0
12.350000000000023,Debit,Branch,1.0,Student,0
213.25,Debit,Branch,1.0,Student,0
34.93000000000001,Debit,Branch,1.0,Engineer,0
959.48,Debit,Branch,1.0,Doctor,0
335.68,Debit,Online,1.0,Student,0
423.96,Debit,ATM,1.0,Doctor,0
361.38,Credit,Online,3.0,Retired,1
220.82,Debit,Branch,1.0,Engineer,0
717.36,Credit,Online,1.0,Student,0
406.12,Debit,ATM,1.0,Doctor,0
427.83,Debit,ATM,1.0,Engineer,0
416.62,Credit,Online,1.0,Student,0
21.899999999999977,Debit,ATM,1.0,Student,0
717.74,Credit,Online,1.0,Engineer,0
393.68,Debit,ATM,1.0,Doctor,0
281.91,Debit,Branch,1.0,Student,0
239.85,Debit,ATM,1.0,Retired,0
237.84,Debit,Branch,1.0,Student,0
459.29,Credit,Online,1.0,Retired,0
196.49,Debit,Branch,1.0,Engineer,0
21.230000000000018,Debit,ATM,4.0,Student,1
95.23000000000002,Debit,Online,3.0,Student,1
344.87,Debit,Branch,1.0,Retired,0
129.62,Credit,ATM,1.0,Student,0
16.53000000000003,Debit,ATM,1.0,Student,0
277.02,Credit,ATM,1.0,Doctor,0
13.019999999999982,Debit,Branch,1.0,Doctor,0
199.02,Debit,ATM,1.0,Student,0
684.5,Debit,Branch,1.0,Doctor,0
1173.74,Credit,Online,1.0,Doctor,0
45.920000000000016,Debit,ATM,1.0,Student,0
761.73,Debit,ATM,1.0,Student,0
331.38,Debit,ATM,1.0,Engineer,0
602.8,Debit,Branch,1.0,Retired,0
64.12,Credit,Branch,1.0,Doctor,0
57.379999999999995,Debit,Online,1.0,Student,0
94.64000000000001,Credit,ATM,1.0,Student,0
155.56,Credit,Branch,1.0,Student,0
301.39,Credit,Online,1.0,Doctor,0
136.31,Debit,Online,1.0,Retired,0
4.389999999999986,Debit,ATM,1.0,Student,0
429.25,Debit,Online,1.0,Engineer,0
138.54,Credit,Branch,1.0,Engineer,0
33.03000000000003,Debit,Branch,1.0,Student,0
76.38999999999996,Debit,Online,1.0,Doctor,0
25.319999999999993,Debit,ATM,1.0,Student,0
330.91,Debit,ATM,1.0,Engineer,0
153.55,Debit,Online,1.0,Doctor,0
217.61,Debit,Online,1.0,Student,0
131.69,Credit,Branch,1.0,Engineer,0
953.1700000000001,Debit,Online,1.0,Retired,0
68.49000000000001,Debit,Online,1.0,Retired,0
1493.0000000000002,Debit,ATM,1.0,Retired,0
470.62,Debit,Branch,1.0,Doctor,0
385.35,Debit,Branch,1.0,Doctor,0
74.72,Debit,Online,1.0,Student,0
352.03,Credit,Online,1.0,Student,0
275.87,Debit,ATM,1.0,Student,0
90.94,Credit,ATM,1.0,Retired,0
206.25,Debit,ATM,1.0,Retired,0
116.75999999999996,Debit,ATM,1.0,Engineer,0
91.5,Debit,ATM,1.0,Doctor,0
489.31,Debit,Branch,1.0,Engineer,0
1664.33,Debit,Branch,1.0,Student,0
414.49,Credit,Online,1.0,Doctor,0
315.13,Debit,Branch,1.0,Engineer,0
28.379999999999995,Debit,Branch,1.0,Doctor,0
456.05,Debit,Branch,1.0,Doctor,0
277.22,Debit,Branch,1.0,Doctor,0
54.84,Debit,Online,1.0,Retired,0
29.920000000000016,Credit,Online,1.0,Doctor,0
133.06000000000003,Debit,Online,1.0,Engineer,0
332.06,Debit,ATM,4.0,Doctor,1
14.339999999999975,Credit,Online,1.0,Retired,0
468.32,Debit,Online,1.0,Retired,0
582.17,Debit,Branch,1.0,Engineer,0
245.62,Debit,Branch,1.0,Student,0
981.9000000000001,Credit,Online,1.0,Doctor,0
83.6,Debit,ATM,1.0,Doctor,0
331.22,Credit,Branch,1.0,Doctor,0
57.49000000000001,Credit,Online,1.0,Student,0
85.57999999999998,Debit,ATM,1.0,Engineer,0
157.56,Debit,Branch,1.0,Doctor,0
230.3,Debit,Online,1.0,Engineer,0
305.92,Debit,ATM,1.0,Retired,0
942.7,Debit,Online,1.0,Engineer,0
116.32999999999998,Debit,Branch,1.0,Student,0
537.71,Credit,Online,1.0,Student,0
538.17,Credit,Branch,1.0,Engineer,0
219.44,Debit,Online,1.0,Engineer,0
61.620000000000005,Debit,Online,1.0,Doctor,0
58.77000000000001,Debit,Online,1.0,Engineer,0
538.13,Debit,ATM,1.0,Retired,0
177.05,Debit,Branch,1.0,Student,0
403.01,Debit,Online,3.0,Doctor,1
719.76,Debit,Branch,1.0,Student,0
163.22,Debit,Online,1.0,Student,0
242.85,Debit,Online,1.0,Engineer,0
291.22,Credit,Online,1.0,Engineer,0
56.52000000000001,Debit,ATM,1.0,Engineer,0
195.8,Debit,Online,1.0,Doctor,0
66.75999999999996,Credit,Branch,1.0,Doctor,0
190.9,Debit,Online,1.0,Student,0
106.99000000000001,Debit,Branch,1.0,Engineer,0
655.81,Debit,ATM,2.0,Retired,0
107.10000000000002,Credit,Online,1.0,Student,0
79.92000000000002,Debit,ATM,2.0,Engineer,0
430.83,Debit,Branch,1.0,Student,0
235.34,Debit,Branch,1.0,Student,0
86.35,Credit,Branch,1.0,Retired,0
337.99,Debit,ATM,1.0,Doctor,0
577.13,Credit,Branch,1.0,Engineer,0
213.33,Debit,ATM,1.0,Retired,0
54.52000000000001,Debit,Branch,1.0,Doctor,0
100.13,Debit,Branch,1.0,Doctor,0
883.9200000000001,Credit,Online,1.0,Retired,0
69.80000000000001,Credit,Branch,1.0,Student,0
768.94,Debit,Branch,1.0,Retired,0
179.62,Debit,Online,1.0,Student,0
425.91,Debit,ATM,1.0,Student,0
263.34,Debit,ATM,1.0,Retired,0
113.03,Credit,Online,1.0,Doctor,0
11.019999999999982,Debit,Online,1.0,Doctor,0
865.1700000000001,Debit,Branch,1.0,Student,0
152.0,Debit,ATM,1.0,Engineer,0
270.39,Debit,ATM,1.0,Student,0
246.41,Debit,ATM,1.0,Retired,0
336.84,Debit,ATM,1.0,Student,0
261.45,Credit,Online,1.0,Engineer,0
99.98000000000002,Credit,Online,1.0,Retired,0
400.69,Debit,Online,1.0,Engineer,0
411.47,Debit,ATM,1.0,Student,0
204.63,Debit,Online,1.0,Engineer,0
421.56,Debit,Online,1.0,Engineer,0
193.38,Debit,ATM,1.0,Student,0
377.04,Debit,ATM,1.0,Engineer,0
54.099999999999994,Credit,Branch,1.0,Engineer,0
18.100000000000023,Debit,ATM,1.0,Retired,0
408.62,Credit,Online,1.0,Engineer,0
162.1,Debit,Branch,1.0,Doctor,0
165.31,Debit,ATM,1.0,Doctor,0
267.48,Debit,ATM,2.0,Student,0
856.9000000000001,Debit,Branch,1.0,Engineer,0
433.9,Debit,Online,1.0,Doctor,0
271.22,Credit,ATM,1.0,Doctor,0
307.68,Credit,Online,1.0,Retired,0
348.17,Debit,ATM,1.0,Student,0
43.099999999999994,Debit,Branch,1.0,Student,0
557.78,Credit,Branch,1.0,Student,0
325.6,Debit,ATM,1.0,Doctor,0
235.83,Credit,Online,1.0,Engineer,0
603.54,Debit,Online,1.0,Doctor,0
270.25,Debit,ATM,1.0,Engineer,0
123.38,Debit,Online,1.0,Doctor,0
577.12,Debit,ATM,1.0,Engineer,0
92.24000000000001,Debit,Branch,1.0,Engineer,0
856.21,Credit,Branch,1.0,Doctor,0
251.54,Debit,Branch,1.0,Doctor,0
28.629999999999995,Debit,Branch,1.0,Retired,0
185.97,Debit,Online,1.0,Student,0
243.08,Credit,Online,1.0,Student,0
